Data;Vazao01;Vazao02;Vazao03;Vazao04;Vazao05;Vazao06;Vazao07;Vazao08;Vazao09;Vazao10;Vazao11;Vazao12;Vazao13;Vazao14;Vazao15;Vazao16;Vazao17;Vazao18;Vazao19;Vazao20;Vazao21;Vazao22;Vazao23;Vazao24;Vazao25;Vazao26;Vazao27;Vazao28;Vazao29;Vazao30;Vazao31
01/01/2007;45;47;50;85;132;105;91,5;66;45;40;45;55;78,5;55;42;36;28,3;30,1;28,3;40;60;52,5;45;36;28,3;26,8;32;38,4;42,5;50;42,5
01/02/2007;;;;;;;;;;;;;;;;;;;;43;66;91,5;91,5;98;204;167;91,5;72;;;
01/03/2007;72;78,5;268;142;106;91,5;78,5;55;50;45;47,5;45;181;162;106;79,8;69;91,5;98;78,5;55;45;45;40;32;50;91,5;73,3;45;36;35,2
01/04/2007;36;28,3;48;66;62,4;56,5;50;40;46,5;38,4;26,8;28,3;60;66;257;317;178;109;85;66;50;49;45;91,5;212;538;708;340;202;148;
01/05/2007;122;98;98;85;45;55;50;132;252;160;122;98;112;91,5;132;132;812;965;525;340;458;1190;670;425;285;212;169;142;117;98;91,5
01/06/2007;91,5;78,5;72;70,8;67;59,7;58,5;57,3;51,5;50;46;38,4;38,5;36,5;33,5;31,5;28,7;26,8;25,9;25;25;24,1;23,3;23,3;21,5;21,5;21,5;21,5;21,5;19,8;
01/07/2007;21,3;21,9;27,5;25,3;20,6;18;17,4;18;195;412;207;153;181;178;153;105;95,4;169;164;139;105;132;407;275;214;195;145;139;105;85;81,1
01/08/2007;73,3;67,2;61,2;50;51;48;47;41;36;36,8;34;34;34,4;32;31,3;32;30,5;26,8;24,5;27,5;24,5;23,2;24,5;15,2;18;21,3;31,3;24,5;25,3;24,5;102
01/09/2007;525;236;139;98;74,6;57;50;42,5;34,4;35,2;31,3;27,5;26;25,3;24,5;24,5;24,5;24,5;29;24,5;30,5;58;252;322;212;129;98;91,5;75,3;60;
01/10/2007;58;47;40;40;33,6;33,6;33,6;36,8;32;32;40;60;264;241;156;950;826;422;252;187;153;140;112;96,7;82,4;75,9;66;60;72;132;214
01/11/2007;264;785;935;452;295;195;153;132;111;109;139;132;91,5;178;632;331;221;153;145;142;124;91,5;85;72;55;50;55;54;40;40;
01/12/2007;36;35,2;34,4;28,3;29,8;178;204;132;81,1;67,2;105;187;135;98;66;52;45;;;;;;;;;;;;;;
01/01/2008;85;122;105;98;138,5;112;83,7;60;47;40;36,8;46;46;38,4;32,8;32;31,25;31,25;91,5;160;112;75,9;55;39,2;31,25;29;32;32,8;30,5;25,25;24,5
01/02/2008;40;50;52;28,25;25,25;29;24,5;18;16,88;18;26,75;24,5;24,5;21,25;22,55;27,5;28,25;28,25;36;47,5;40;32;24,5;28,25;32;24,5;24,5;28,25;19,95;;
01/03/2008;28,25;28,25;32,8;26;23,85;19,3;23,2;18;10,16;9,48;11,76;12,6;16,88;25,25;24,5;18;18;16,88;10,5;13,12;11,76;17,44;50;40;29,75;21,25;17,72;16,32;15,2;19,95;16,88
01/04/2008;18;16,32;15,2;14,68;15,2;13,64;13,64;13,64;7,96;9,48;7,4;16,88;27,5;241;178;105;78,5;78,5;85;78,5;142,4;134,6;98;75,9;60;44;41;40;132;230;
01/05/2008;160;143,7;152,5;152,5;135,9;120;92,8;66;64,8;60;49;48;38,4;34,4;35,2;32,8;31,25;22,55;24,5;23,85;22,225;23,85;22,55;19,95;18,65;18,975;19,625;18,975;21,25;25,25;24,875
01/06/2008;23,2;23,85;32,4;207,75;154,75;133,3;95,4;59;56;60;56,5;85;145;142,4;145;130;99,4;79,15;65,4;50,5;46,5;47,5;46;39,6;38;38;187,35;272,7;361;213,8;
01/07/2008;151;105,7;107,8;77,2;76,55;58,5;47;43;42;43;41;40;37,2;30,875;32,4;31,625;30,125;24,5;23,85;23,2;20,6;21,9;26,75;26;22,55;22,55;21,9;21,9;19,95;18,975;18,65
01/08/2008;22,225;27,875;33,6;32;32;26,75;28,25;37,6;45;40;40;41;50;52;241;246,5;138,5;107,1;73,95;58;52;45;40;36,8;36,8;32;23,85;22,875;23,85;22,875;24,875
01/09/2008;21,25;21,25;18;18,65;18;59;137,2;83,7;55;61,2;66;165,4;827;378,6;216,5;156,25;120;81,75;72;60;66;69;61,8;49;45;40;45;42;38,4;34,8;
01/10/2008;31,25;78,5;69,6;201,8;693,2;338,2;206,9;146,5;105;87,6;78,5;59;55;52;59;59;165,4;562;394,5;221;167,2;135,9;118;334,6;308,5;305,8;387,6;285;581,1;1163,5;523,3
01/11/2008;338,2;565,4;650;374,2;269,25;241;164,5;122;142,4;142,4;169;771;754;385,3;252;195;145;132;100,8;98,7;115;103,6;116;90,85;70,8;53;52;46;42;35,2;
01/12/2008;41;38,4;26,75;23,85;22,55;21,25;19,3;19,95;21,9;23,85;34,4;36,8;12,6;28,25;27,5;45;51;39,2;38,4;30,5;17,44;17,44;19,3;24,5;59;58;36,8;21,25;29,375;32;11,34
01/01/2009;19,95;30,125;66;82,4;98;67,8;44;34;31,625;49;138,5;155,5;134,6;84,35;67,2;55;122;135,9;100,8;91,5;96,7;71,4;56,5;49;39,6;34,4;32;29;178;81,1;52
01/02/2009;37,2;32;32,4;58;57,5;45;34;28,25;26,75;27,5;29,375;51,5;51;38;34,4;28,25;26,75;35,2;35,2;29,75;38,4;126;107,8;91,5;292;156,25;110,6;98;;;
01/03/2009;112;99,4;79,8;67,2;52;45;36;34,4;39,2;42,5;38,8;38;39,2;37,2;32,8;26,375;25,625;23,525;22,55;27,125;21,9;20,925;18;22,55;21,9;21,25;18,65;14,68;15,2;15,76;14,16
01/04/2009;13,12;13,12;12,6;11,55;9,65;12,18;11,55;13,12;11,97;10,71;9,65;9,48;8,8;9,14;9,48;9,82;7,28;9,82;6,8;10,92;6,2;11,97;11,34;14,16;14,68;13,64;13,9;11,76;11,55;10,92;
01/05/2009;4,82;8,24;8,38;8,97;3,6;8,38;7,16;5,1;7,16;5,32;11,97;7,68;12,86;40,5;66;56,5;34,4;28,25;22,875;24,5;17,16;18;16,32;15,76;18,325;19,95;16,6;30,125;38;33,6;52,5
01/06/2009;96,05;69,6;50;38,4;28,25;25,25;25,25;24,5;22,875;23,85;23,85;23,2;17,44;14,68;14,42;25,25;76,55;78,5;56,5;40,5;34,4;28,25;28,625;27,125;28,625;29,75;26;26,75;26;37,6;
01/07/2009;67,2;59,5;52;37,2;32;28,625;33,2;125;155,5;245,4;300,4;433,6;295;165,4;127;196,7;709,8;367,6;225,5;151;118;114;159,25;133,3;107,8;88,9;75,25;70,8;63;59;54
01/08/2009;788,6;1149,4;674,3;356,8;236,6;191,6;151;137,2;128;100,8;98;70,8;69,6;61,2;54;44;51;112;340;236,6;151;109,2;90,2;81,1;67,2;49;46;46;35,2;35,2;36
01/09/2009;28,25;29;35,2;69,6;132;72;62,4;184,8;354,7;361;338,2;637,5;743,5;383;258,9;196,7;149,5;134,6;153,25;149,5;119;87,6;132,65;153,25;137,2;122;328,3;1713,5;963,4;464;
01/10/2009;331;277;212;170,8;152,5;160;193,3;181,4;141,1;98;91,5;493,7;551,8;293;308,5;303,1;305,8;297,7;232,2;184,8;152,5;189,9;178;145;133,3;112;86,3;82,4;70,8;62,4;53
01/11/2009;51;48;44;32;26,75;35,2;36;40;38,4;52;59;40;37,6;47;45;219,2;112;79,8;62,4;51;94,1;158,5;252;176,2;179,7;196,7;308,5;323,8;215,6;158,5;
01/12/2009;98;98;394,5;256,6;155,5;114;83,7;63;66;58;47,5;49;74,6;63,6;51;38,8;41;71,4;74,6;51,5;42;37,6;48;68,4;148,75;158,5;122;99,4;77,2;60;56
01/01/2010;60;54;42;32,8;52;64,8;56;47;37,2;40;158,5;361;401,4;254,3;161,8;105;96,7;295;241;297,7;400,25;325,6;334,6;238,8;181,4;232,2;200,1;158,5;137,2;102,2;83,7
01/02/2010;70,8;69,6;57,5;50;54;36,8;52,5;66;202,65;145;118;184,8;345,25;175,3;118;152,5;196,7;211,15;137,2;102,2;83,7;88,9;249,8;186,5;120;87,6;61,8;57;;;
01/03/2010;52;45;38,4;29;28,25;43,5;39,2;37,2;34;32;28,25;23,2;21,9;39,2;95,4;69;44;30,5;26;23,85;29;36;59,5;305,8;695,9;454,4;270,4;361;319,3;258,9;169
01/04/2010;138,5;114;86,3;112;115;164,5;145;107,1;90,2;66;64,8;61,2;52;48;44;40;39,2;38,4;38;36,8;34,4;583,2;2800;1039,7;767,8;2590;1286;612,5;388,75;299,05;
01/05/2010;241;161,8;145;130;110,6;100,8;106,4;1031,5;625;394,5;270,4;222,8;198,4;172,6;138,5;116;130;426;600;380,8;277;210,3;174,4;135,9;130;111,3;98,7;86,3;72;69,6;78,5
01/06/2010;78,5;64,8;52;68,4;148,75;143,7;110,6;92,8;79,8;63,6;59;51,5;45,5;43,5;40;34,4;35,2;40;45;44;75,9;340;279;157;112;94,1;82,4;73,3;66;60;
01/07/2010;54;41;34,4;34,4;38,4;40;38;36;34,4;34,4;32,8;32,8;42;54;41;41;40;62,4;74,6;81,1;88,9;161,8;378,6;230;169;138,5;107,8;86,3;74,6;66,6;54
01/08/2010;170,8;212;148;128;307,15;224,6;151,75;128;104,3;87,6;73,3;67,2;69,6;73,3;61,2;56;50;50;38,4;36,8;36;31,25;30,5;29,75;26,75;27,5;31,25;23,85;25,25;26;23,85
01/09/2010;24,5;25,25;23,85;21,9;20,6;21,25;19,3;21,25;18,65;18;14,68;19,95;16,88;18;17,44;16,88;14,68;16,88;10,92;16,32;16,32;18,65;24,5;33,6;29;29,75;22,55;20,6;18,65;16,32;
01/10/2010;18;26,75;26,75;25,25;24,5;23,2;44;106,4;81,1;53;38,4;30,5;29;26;26;56;100,8;68,4;55,5;46;36;30,5;29;25,25;26,75;24,5;22,55;30,125;20,6;46;103,6
01/11/2010;73,3;52;36;29,75;26,75;27,5;28,25;25,625;21,25;22,55;22,55;22,55;21,9;21,25;18;19,95;36;54;43;31,25;31,25;34,4;45;49;39,6;51;33,6;29,75;25,25;25,25;
01/12/2010;25,25;39,2;139,8;160;400,25;316,6;217,4;243,2;169;120;107,8;354,7;933;718,5;383;249,8;222,8;186,5;138,5;110,6;124;330,1;361;238,8;201,8;160;137,2;101,5;87,6;77,2;63,6
01/01/2011;54;51;66;85;87,6;83,7;88,9;82,4;86,3;88,9;64,8;60;91,5;100,8;58;68,4;100,8;94,1;88,9;101,5;148;149,5;322;263,5;254,3;283;287;293;232,2;217,4;169
01/02/2011;232,2;205,2;141,1;114;112;201,8;266,95;258,9;203,5;383;311,2;332,8;538,8;468,2;322;243,2;183,95;152,5;143,7;137,2;145;210,3;181,4;268,1;323,8;337,3;438,8;531,05;;;
01/03/2011;319,3;212;152,5;124;100,8;85;72;77,2;54;41;132;431;221;142,4;105;82,4;72;61,2;57;54;49;45,5;42,5;41,5;39,2;37,6;37,6;128;238,8;445,3;1043,8
01/04/2011;868;758,5;399,1;279;199,25;151,75;128;106,4;96,7;81,1;72;66;60;56;59;57;52;78,5;55,5;53,5;59;100,8;82,4;77,2;67,2;57;47;43;40;38,4;
01/05/2011;40;43;35,2;33,6;33,6;31,25;29,75;26,75;23,85;21,9;22,55;25,25;26,75;27,5;75,9;85;67,2;53;40;36,8;28,25;29,75;27,5;23,2;26,75;25,25;23,85;23,2;19,95;19,95;19,95
01/06/2011;23,2;19,95;19,3;19,3;17,72;18,65;21,9;36,8;44;36,8;29,75;27,5;24,5;21,25;21,25;21,25;18,65;47;77,2;66;51;342,1;695,9;308,5;200,1;188,2;224,6;146,5;126;100,8;
01/07/2011;1221,3;779;620;388,75;279;221;152,5;135,25;128;98;87,6;77,2;69,6;73,3;62,4;54;52;187,35;212;137,2;241;568,8;293;183,1;147,25;133,3;105;98;83,7;209,45;424,75
01/08/2011;734,5;625;350,5;256,6;198,4;152,5;141,1;122;319,3;293;213,8;159,25;139,8;112;99,4;90,85;78,5;70,8;209,45;394,5;254,3;183,1;428,5;340;247,6;241;181,4;152,5;130;612,5;645
01/09/2011;336,4;237,7;176,2;141,1;124;112;121;1339;2925;769,4;412,25;308,5;238,8;193,3;148,75;137,2;122;104,3;96,7;130;139,8;103,6;102,2;132;106,4;90,2;77,2;68,4;59;51;
01/10/2011;43;34,4;36,8;38,4;40;35,2;31,25;31,25;49;120;83,7;55;261,2;308,5;186,5;126;99,4;77,2;63,6;55;49;43;36,8;39,2;38;36;43;35,2;161,8;485;249,8
01/11/2011;145;99,4;73,95;60;52;48;41;43;39,2;37,6;32,8;29;29;26,75;37,6;61,2;55;36;23,85;22,55;26;31,25;26,75;30,5;35,2;32;39,6;30,5;29;23,85;
01/12/2011;23,2;23,85;23,85;21,9;18;18;17,44;25,25;26,75;36;35,2;32,8;29;22,55;24,5;23,2;21,25;17,44;19,3;18;18;17,44;16,04;16,32;19,3;21,9;23,85;22,55;20,6;18;26,75
01/01/2012;62,4;75,9;52;35,2;29,75;28,25;26;22,55;21,25;21,25;20,6;21,25;21,25;56;86,3;59;52,5;48;41;34,4;36;55;42;60;81,1;81,1;74,6;52;39,2;31,25;26
01/02/2012;24,5;23,85;20,925;19,3;17,44;16,32;15,76;15,2;13,12;13,12;15,76;21,9;21,25;18;18;13,64;14,16;13,9;13,38;13,64;12,18;28,25;36;25,25;23,85;60;72;62,4;67,2;;
01/03/2012;56;44;37,6;29;26;21,9;18,65;16,32;16,88;14,16;13,12;14,68;13,12;13,12;15,2;12,39;9,48;9,14;9,14;10,16;9,65;11,34;17,44;18,65;17,44;15,76;16,88;12,18;14,16;13,64;6,2
01/04/2012;8,52;10,5;7,68;10,16;6,68;5,1;9,82;4,82;14,16;14,42;14,16;10,5;13,64;10,71;18;22,875;21,9;18;17,44;15,2;11,76;10,92;12,18;8,8;9,82;106,4;261,2;120;146,5;133,3;
01/05/2012;81,1;66;57;39,2;32;29,75;27,5;23,2;23,2;21,9;16,88;14,68;17,72;20,6;21,9;12,18;17,44;13,64;13,64;13,64;15,2;14,16;14,16;17,44;33,6;54;45;37,6;28,25;26;36
01/06/2012;32,8;29,75;31,25;41;137,2;109,2;77,2;57;45;41,5;462,6;295;161,8;112;87,6;68,4;58;60;83,7;72;66;60;68,4;72;60,6;52;47;42;40;36,8;
01/07/2012;30,5;30,875;31,25;27,5;23,2;25,25;23,2;23,2;28,25;26,75;23,85;22,55;23,85;23,2;21,25;20,6;21,9;54,5;95,4;66;48;38,4;35,2;32,4;48;85;224,6;348,4;201,8;532,6;514
01/08/2012;490,8;295;196,7;146,5;112;95,4;83,7;70,2;59;55;46;41;40;39,2;36,8;33,6;31,25;29;26;24,5;22,55;24,5;22,55;21,25;21,25;20,6;20,6;20,6;18,65;17,44;19,3
01/09/2012;14,16;3,92;21,9;13,12;14,16;12,18;12,6;12,6;12,6;21,9;16,88;17,44;21,9;17,44;7,96;8,52;12,6;13,64;7,4;30,5;28,25;21,25;16,88;14,68;12,18;10,92;12,6;12,6;7,96;8,97;
01/10/2012;14,16;18;18,65;29;47,5;33,6;27,5;24,5;18,65;18,65;18,65;17,44;19,95;19,95;19,3;15,2;17,44;14,68;12,18;11,76;10,5;11,34;39,2;94,1;66;55;60;72;102,2;91,5;75,9
01/11/2012;64,8;51;52;41;36,8;28,25;;32,8;30,5;25,25;24,5;17,44;18;19,3;15,2;13,64;13,12;16,88;14,16;12,18;10,92;12,6;10,16;4,96;7,4;14,68;5,54;5,76;6,68;5,98;
01/12/2012;4,96;7,16;10,92;42,5;28,25;38,4;35,2;33,6;24,5;23,2;20,6;54;50;44;32,8;105;68,4;49;37,6;26,75;24,5;21,9;19,3;18,65;19,3;14,68;14,68;103,6;136,55;160;169
01/01/2013;161,8;146,5;110,6;77,2;54;96,7;331;394,5;468,2;237,7;157;122;78,5;60;53,5;50;58;48;48;48;39,2;31,25;29;24,5;19,95;19,95;19,3;19,95;13,64;13,64;15,76
01/02/2013;13,64;16,32;19,3;16,32;17,44;18;13,12;20,6;32;23,85;26;27,5;24,5;32;39,2;59;67,8;88,9;109,2;98;106,4;96,7;83,7;61,2;43;69,6;64,8;52;;;
01/03/2013;42;31,25;24,5;29,75;26;38,4;41;52;170,8;305,8;201,8;198,4;517,1;311,2;222,8;189,9;161,8;132;95,4;85;148;158,5;109,2;83,7;78,5;72,65;58;48;43;36,8;33,6
01/04/2013;36;39,2;74,6;57;81,1;117;90,2;68,4;58;50;44;48;122;106,4;82,4;59;52;43;32;36,8;27,5;28,25;29;24,5;22,55;25,25;23,85;19,3;18,65;23,2;
01/05/2013;21,25;19,3;18;15,76;16,88;17,44;15,2;16,88;18;14,16;9,82;7,68;10,92;14,68;16,88;32;66;44,5;29,75;26,75;26;29;27,5;28,25;24,5;17,44;22,55;25,25;27,5;35,2;31,25
01/06/2013;43;585,3;328,3;172,6;120;90,2;67,2;61,2;47;47;40;34,4;28,25;24,5;23,85;23,85;29;25,25;39,2;110,6;293;718,5;348,4;263,5;620;411;281;203,5;192,45;229,1;
01/07/2013;196,7;141,1;128;105;86,3;78,5;67,2;67,2;61,2;56;47;45;41;39,2;41;40;36;35,2;39,2;86,3;511,1;308,5;215,6;155,5;139,8;95,4;80,45;73,3;67,2;62,4;51
01/08/2013;46;45;44;60;72;346,3;473,8;243,2;163,6;1104;757;392,2;271,55;212;169;141,1;117;98;83,7;75,9;67,2;67,2;45;56;50;102,2;340;245,4;170,8;124;100,8
01/09/2013;81,1;120;112;90,2;78,5;63;59;54;49;49;44;39,2;39,2;31,25;32;38,8;348,4;252;161,8;205,2;795;1366,5;1498,2;640;383;270,4;203,5;189,9;238,8;217,4;
01/10/2013;245,4;207,75;174,4;285;215,6;154;120;103,6;86,95;71,4;69,6;57;;;50;43,5;41;;40;36;50;145,75;109,2;224,6;479,4;255,45;193,3;153,25;106,4;86,3;75,9
01/11/2013;57;48;45,5;41;36,8;39,6;39,2;33,6;26,75;24,5;24,5;51;50,5;36,8;30,5;32;29,75;28,25;24,5;27,5;33,2;105;82,4;56;46,5;36,8;27,5;24,5;24,5;25,25;
01/12/2013;39,2;40;41;39,2;32;85,65;85;58;47;70,8;85;69;52;48;75,9;75,9;53,5;43;33,6;32,8;26,75;24,5;18;24,5;15,2;17,16;13,12;17,44;23,85;21,9;29,75
01/01/2014;32;50;96,7;63,6;78,5;75,9;57;63,6;102,2;102,2;82,4;293;555,2;493,7;300,4;208,6;145;124;91,5;77,2;61,2;52;49;50;53;98;92,8;53;36,8;40;32,8
01/02/2014;40;32,8;29,75;29,75;26;26;26;24,5;26;34,4;28,25;29;22,55;39,2;60;50;34,4;29,75;23,85;22,225;22,55;31,625;36,8;56;51;48,5;162,7;104,3;;;
01/03/2014;74,6;46,5;35,6;43;82,4;105;82,4;115;90,2;75,25;61,2;55,5;66,6;48;45,5;44;43;41;100,8;340;231,1;153,25;106,4;89,55;66;54;49,5;41;38;38,4;39,2
01/04/2014;54;49;39,6;33,6;29;26,75;24,5;23,85;53;79,8;60;53,5;61,8;53;45,5;38;35,6;40;49;50,5;51,5;47,5;38,4;38,4;44;39,2;32;28,25;27,125;83,7;
01/05/2014;1629,6;487,9;247,6;178;126;99,4;90,2;70,2;64,2;54,5;47,5;43,5;41,5;40;38,4;36;33,6;32;31,625;28,25;27,5;138,5;241;151;106,4;124;148,75;122;89,55;74,6;70,2
01/06/2014;161,8;160,9;111,3;91,5;85;132;213,8;627,5;1584,8;562;328,3;234,4;198,4;158,5;146,5;124;105;126;122;102,2;86,3;75,9;63;77,2;313,9;3370;;3700;1312,5;660,8;
01/07/2014;426;322;243,2;200,1;157,75;136,55;124;109,2;94,1;90,2;75,9;73,3;65,4;64,8;56;53;49;51;50;46;40;42;40;101,5;208,6;129;90,2;81,1;59;55;47
01/08/2014;44,5;60;60;52,5;44;38,4;30,5;33,6;37,6;31,25;32;34,4;49;51;37,6;78,5;215,6;147,25;98;78,5;67,2;49,5;45;39,2;37,6;40,5;38;37,6;29;31,25;
01/09/2014;174,4;165,4;322;196,7;120;95,4;120;91,5;74,6;68,4;66;55;48;41,5;39,2;35,6;34;33,6;189,9;226,4;137,2;95,4;77,2;106,4;161,8;135,9;152,5;142,4;1377,5;2070;
01/10/2014;2590;779;444;300,4;219,2;181,4;152,5;128;109,2;86,95;81,75;72;67,2;69,6;59;51;48,5;64,8;66;78,5;69,6;56;46;36,8;37,6;34,8;36,8;32;29;27,875;30,875
01/11/2014;30,125;28,25;32,8;45;70,8;92,8;184,8;558,6;234,4;141,1;102,2;82,4;68,4;54;46,5;42;36;32,8;32,8;32,8;31,25;42,5;45;36,8;41;121;97,35;69,6;57;47;
01/12/2014;40;35,2;34,4;40;34,4;32,8;26,75;25,25;19,95;23,85;24,5;29;57;39,2;34,4;28,25;25,25;23,2;21,25;23,525;25,25;24,5;33,6;34,8;31,25;29,75;133,3;132;82,4;78,5;95,4
01/01/2015;215,6;270,4;241;171,7;132;96,05;83,7;73,3;110,6;136,55;198,4;198,4;135,9;207,75;222,8;206,9;270,4;226,4;243,2;208,6;188,2;141,1;99,4;85;78,5;99,4;110,6;133,3;107,8;154;132
01/02/2015;87,6;85;75,9;145,75;133,3;120;82,4;83,7;66;66;58,5;81,1;281;223,7;145;103,6;83,7;72;58;99,4;77,2;67,2;124;142,4;170,8;122;114;113;;;
01/03/2015;89,55;69,6;55,5;53;62,4;64,8;62,4;51;67,2;52;49;43;36;39,2;35,2;43,5;33,6;34,4;29;26;19,95;29;48;38;32,4;28,625;24,175;26;72;95,4;103,6
01/04/2015;72;53;40;36,4;33,6;29,375;30,875;27,125;24,5;22,55;20,275;20,6;18,65;16,32;18;29,75;16,6;17,72;16,88;18,65;34,4;36,8;31,25;26,75;24,5;20,925;21,25;16,6;17,44;17,44;
01/05/2015;15,48;13,9;13,12;16,32;17,16;19,95;22,55;16,88;18;12,6;17,72;19,625;18,975;16,6;15,2;14,68;12,6;14,94;16,88;15,2;14,68;14,68;11,34;13,64;95,4;99,4;148,75;160;106,4;73,3;60
01/06/2015;48;42;36,8;34;27,875;27,875;24,875;20,275;21,9;19,3;19,95;28,25;28,25;864,5;1043,8;385,3;226,4;219,2;324,7;200,95;145,75;138,5;124;91,5;75,9;73,3;59;50,5;47,5;53,5;
01/07/2015;100,8;82,4;67,2;148;109,2;83,05;103,6;399,1;351,55;270,4;203,5;245,4;403,7;451,8;861;685,1;454,4;322;232,2;187,35;286;256,6;191,6;363,2;400,25;277;212;172,6;142,4;120;100,8
01/08/2015;88,25;75,9;75,9;63,6;57;57;58;44,5;40;37,6;35,2;35,2;36;33,6;33,6;32,8;28,25;27,5;29;28,625;27,5;25,625;26;26,75;33,6;31,625;62,4;68,4;48;36,8;30,5
01/09/2015;29,75;23,85;42;169;96,7;79,8;54;146,5;238,8;148;153,25;114;87,6;73,3;59;50;47;45;44;48;43;33,6;34,4;30,5;30,5;72;975;1113;438,8;252;
01/10/2015;183,95;139,15;293;234,4;179,7;135,9;102,2;90,2;1027,4;1133,25;655,4;479,4;322;668,9;535,7;562;727,2;406;308,5;228,2;201,8;727,2;1031,5;496,6;324,7;331;272,7;253,15;186,5;151;122
01/11/2015;133,3;126;102,2;96,7;137,2;133,3;107,8;285;383;234,4;311,2;244,3;252;244,3;172,6;145;244,3;228,2;212;438,8;304,45;192,45;311,2;565,4;363,2;254,3;186,5;350,5;311,2;213,8;
01/12/2015;189,9;206,9;277;431;658,1;351,55;253,15;189,9;152,5;247,6;213,8;148;125;126;130;107,8;86,3;82,4;184,8;208,6;160;122;212;158,5;152,5;120;98;136,55;295;308,5;257,75
01/01/2016;183,1;232,2;184,8;142,4;114;107,8;92,8;78,5;72,65;73,3;383;189,9;139,8;120;120;83,7;70,8;59,5;51;45,5;45,5;34,4;31,25;31,625;31,625;33,2;40;67,2;42,5;32;55,5
01/02/2016;132;145;100,8;83,7;105;140,45;141,1;139,8;96,7;77,2;70,8;59;50;192,45;152,5;238,8;133,3;108,5;90,2;72;61,2;77,2;52;49;78,5;105;148,75;169,9;135,9;;
01/03/2016;92,8;83,7;426;496,6;232,2;157;128;94,1;176,2;508,2;383;241;179,7;133,3;103,6;96,7;77,2;70,8;62,4;58;94,1;476,6;378,6;178;172,6;319,3;256,6;182,25;135,9;100,8;95,4
01/04/2016;137,2;106,4;94,1;92,8;72;66;52,5;47,5;48;48,5;56;57;70,8;87,6;116;91,5;67,2;56;42;36;32;35,2;32,8;28,25;36;63,6;245,4;165,4;110,6;82,4;
01/05/2016;68,4;49;48;41,5;38,4;44,5;86,3;91,5;112;116;95,4;77,2;68,4;53;58;95,4;102,2;79,15;62,4;67,2;718,5;451,8;300,4;215,6;160;139,8;133,3;118;105;102,2;98
01/12/1985;;;;;;;;;;;12,6;10,92;10,9;15,8;14,7;15,2;11,8;11,3;7,16;8,8;7,68;10,2;13,6;10,2;10,5;12,2;13,6;12,6;11,3;11,8;6,92
01/01/1986;16,9;22,6;17,4;12,6;10,9;13,1;9,82;9,82;7,16;4,96;6,2;3,48;5,76;6,44;9,48;9,82;8,24;9,48;12,2;30,5;38,4;32;66;128;81,1;52;37,6;33,6;24,5;21,9;31,3
01/02/1986;285;498;243;132;79,8;61,2;51;55;62,4;86,3;64,8;72;87,6;58;49;49;38,4;33,6;29;25,3;21,9;18,7;18,7;31,3;48;42;49;102;;;
01/03/1986;109;69,6;57;45;35,2;32,8;27,5;23,2;21,3;20,6;19,3;18,7;16,3;12,6;20,6;23,2;32;82,4;118;95,4;72;49;36,8;36,8;33,6;29;26;23,2;20,6;18;18,7
01/04/1986;15,8;12,6;19,3;33,6;157;345;634;370;241;185;157;109;83,7;82,4;98;104;85;69,6;52;51;48;60;58;49;43;38,4;62,4;64,8;55;44;
01/05/1986;38,4;36,8;31,3;29;29;21,9;26;36;31,3;31,3;48;45;45;54;46;35,2;35,2;111;197;130;104;86,3;72;56;60;56;59;50;46;38,4;618
01/06/1986;379;230;167;135;101;87,6;74,6;66;59;52;47;42;39,2;36;35,2;35,2;32;30,5;28,3;28,3;26;23,9;25,3;21,3;23,2;24,5;26;22,6;21,9;23,2;
01/07/1986;21,9;21,9;23,2;22,6;19,3;18;22,6;15,8;15,8;15,8;15,8;12,6;13,6;15,8;13,6;14,2;13,6;14,7;18;36,8;38,4;37,6;35,2;28,3;25,3;20,6;18,7;20,6;16,3;15,8;15,8
01/08/1986;15,2;13,1;13,6;16,3;11,8;11,8;13,1;13,1;10,2;9,82;11,8;11,3;10,9;16,3;26;38,4;35,2;31,3;25,3;22,6;20;33,6;317;209;114;77,2;58;50;37,6;29;29,8
01/09/1986;;;;;;;;;;;;;;;;;;;;;;;;;;;;;;;
01/10/1986;;;;;;;;;;;;;;;;;;;;;;;;;;;;;;;
01/11/1986;;;;;;;;;;;;;;;;;;;;;;;;;;;;;;;
01/12/1986;33,6;46;47;36,8;32;32;35,2;32,8;26;25,3;20;20,6;21,3;51;79,8;68,4;38,4;109;209;133;95,4;185;190;109;104;79,8;61,2;67,2;59;51;42
01/01/1987;36;43;42;32,8;29,8;24,5;23,9;56;42;46;56;75,9;108;174;422;525;579;308;192;137;109;120;99,4;78,5;83,7;74,6;56;52;53;43;37,6
01/02/1987;64,8;106;122;95,4;85;81,1;72;109;142;124;90,2;68,4;56;54;64,8;83,7;141;122;376;376;365;243;167;188;132;94,1;74,6;62,4;;;
01/03/1987;53;46;39,2;36;33,6;30,5;27,5;23,9;26,8;25,3;24,5;21,9;20;20,6;17,4;19,3;17,4;15,8;13,6;15,8;11,8;13,1;14,2;11,8;12,2;16,9;26,8;24,5;20;20,6;15,8
01/04/1987;14,2;16,9;13,6;14,2;13,1;12,6;11,3;12,2;11,8;11,3;12,2;16,3;25,3;133;147;81,1;53;35,2;30,5;25,3;28,3;30,5;30,5;24,5;20;18;18;15,2;13,6;12,6;
01/05/1987;13,6;14,2;14,2;14,7;11,8;12,6;74,6;470;379;200;132;96,7;104;1591;1347;562;338;239;573;878;978;568;372;270;214;165;139;116;102;88,9;78,5
01/06/1987;70,8;64,8;64,8;68,4;64,8;57;53;52;46;43;39,2;39,2;64,8;303;266;207;164;135;95,4;85;74,6;82,4;193;188;140;108;91,5;74,6;66;57;
01/07/1987;51;47;46;41;53;51;62,4;164;248;171;128;101;85;70,8;62,4;54;48;45;48;54;47;44;41;38,4;35,2;33,6;34,4;30,5;30,5;36;54
01/08/1987;52;46;42;34,4;38,4;157;160;120;94,1;77,2;64,8;57;48;43;39,2;39,2;165;210;165;137;111;88,9;77,2;66;58;53;46;43;37,6;45;45
01/09/1987;38,4;35,2;38,4;35,2;32,8;30,5;29;29,8;28,3;26;33,6;30,5;35,2;33,6;29;29;34,4;36;31,3;27,5;26,8;21,9;23,2;26;27,5;23,9;21,9;23,2;19,3;20,6;
01/10/1987;102;230;137;92,8;72;82,4;67,2;55;46;36,8;35,2;34,4;85;162;268;327;338;570;755;425;275;188;147;116;99,4;88,9;74,6;64,8;66;67,2;56
01/11/1987;44;39,2;41;33,6;40;45;44;40;48;72;53;38,4;35,2;31,3;28,3;29;24,5;23,2;22,6;20,6;18;18;23,9;25,3;25,3;24,5;23,9;21,3;18;18;
01/12/1987;14,2;15,8;25,3;30,5;27,5;24,5;20,6;17,4;18;16,9;19,3;21,3;19,3;20,6;16,9;15,8;15,8;20;16,9;18,7;27,5;29,8;28,3;23,2;18,7;14,7;12,6;16,9;18;27,5;27,5
01/01/1988;23,9;20,6;17,4;13,1;14,2;16,9;17,4;13,6;12,6;11,3;13,6;13,1;10,5;12,2;18,7;16,9;67,2;98;95,4;72;62,4;51;44;39,2;42;45;90,2;73,3;48;36;33,6
01/02/1988;41;72;64,8;54;36,8;28,3;24,5;26;23,9;29;48;59;40;26,8;29,8;36;83,7;75,9;47;35,2;30,5;26,8;23,9;23,2;25,3;30,5;31,3;28,3;31,3;;
01/03/1988;57;91,5;82,4;83,7;52;42;36,8;32,8;29;28,3;24,5;21,9;17,4;18,7;16,9;14,2;18,7;26,8;19,3;20,6;17,4;13,6;11,8;10,2;9,48;9,48;9,48;9,48;12,6;12,6;18
01/04/1988;21,3;25,3;18,7;14,7;11,8;11,8;13,6;11,3;12,2;13,1;16,9;12,6;32;42;38,4;32;23,9;20;22,6;18,7;17,4;17,4;33,6;53;114;245;331;210;139;95,4;
01/05/1988;73,3;87,6;333;596;388;239;223;483;336;232;176;164;507;360;232;165;335;319;221;157;225;433;1177;1010;538;363;252;198;158;151;132
01/06/1988;101;91,5;81,1;55;69,6;64,8;60;55;61,2;85;87,6;73,3;116;171;148;112;88,9;69,6;81,1;673;495;285;209;259;277;205;165;137;116;101;
01/07/1988;88,9;75,9;69,6;64,8;56;52;54;51;48;45;43;39,2;36,8;35,2;32;32;31,3;32;29,8;27,5;26;25,3;24,5;23,2;28,3;21,9;21,9;20;20;18,7;18,7
01/08/1988;19,3;18,7;16,9;18;17,4;16,9;16,9;16,9;14,7;15,2;15,8;14,7;13,6;13,1;15,2;13,1;13,1;13,6;14,7;14,2;15,2;15,8;13,1;15,2;12,2;11,8;11,3;10,5;12,2;11,3;10,9
01/09/1988;9,48;9,48;11,3;6,68;11,8;8,52;5,98;11,3;10,5;7,16;4,82;8,24;10,5;10,9;24,5;18,7;16,9;12,6;16,9;16,9;26,8;178;111;66;52;41;29;23,9;21,3;15,2;
01/10/1988;13,6;18,7;18;19,3;25,3;23,9;20;15,8;14,2;19,3;24,5;20,6;27,5;28,3;22,6;19,3;16,9;12,6;13,6;17,4;17,4;20,6;28,3;54;101;747;322;174;116;88,9;70,8
01/11/1988;63,6;58;42;40;32,8;27,5;25,3;26;21,9;20,6;20;21,9;26,8;33,6;34,4;26;21,3;20,6;16,9;16,9;23,9;26;25,3;20,6;18,7;16,9;13,6;20;18;15,2;
01/12/1988;21,9;35,2;36,8;26,8;25,3;17,4;15,8;15,2;14,2;13,6;13,1;16,9;16,9;20,6;17,4;15,8;12,6;10,9;13,6;43;34,4;27,5;26,8;95,4;92,8;51;41;40;34,4;33,6;30,5
01/01/1989;30,5;22,6;17,4;16,9;20;20;23,9;26,8;55;54;34,4;34,4;31,3;35,2;57;140;132;91,5;57;50;40;58;70,8;167;202;152;322;454;314;250;522
01/02/1989;383;281;234;200;136;104;98;79,8;82,4;69,6;59;49;43;46;381;443;338;203;151;148;162;193;322;203;180;137;104;94,1;;;
01/03/1989;90,2;88,9;81,1;140;96,7;86,3;98;60;54;47;43;48;41;32,8;30,5;35,2;32,8;29,8;25,3;39,2;49;41;36;29;25,3;33,6;38,4;32,8;26,8;27,5;40
01/04/1989;57;70,8;81,1;59;57;165;142;122;73,3;61,2;52;50;43;36,8;32;29,8;29;26,8;26;25,3;23,9;19,3;19,3;18,7;17,4;18;20;21,3;30,5;53;
01/05/1989;95,4;106;114;663;560;449;291;197;151;130;98;69,6;64,8;56;49;46;43;39,2;36;32,8;32,8;37,6;29,8;29;31,3;32;30,5;25,3;26;22,6;20,6
01/06/1989;22,6;21,9;20;20;20,6;20;23,2;35,2;32;26;23,2;21,3;20,6;20,6;18,7;22,6;15,8;16,9;15,8;15,2;14,2;14,2;18;20,6;54;55;48;40;36;32;
01/07/1989;41;54;181;167;148;86,3;70,8;60;47;48;41;36,8;33,6;31,3;31,3;29;26,8;23,2;22,6;22,6;21,9;19,3;17,4;19,3;20;22,6;50;128;118;109;104
01/08/1989;102;86,3;70,8;55;59;55;50;43;38,4;31,3;35,2;29,8;26,8;26,8;26,8;25,3;23,9;26;22,6;23,2;25,3;27,5;61,2;61,2;122;118;154;178;124;95,4;83,7
01/09/1989;88,9;87,6;73,3;61,2;51;52;56;57;78,5;99,4;96,7;545;1161;1208;663;376;287;214;167;142;114;95,4;95,4;472;446;270;185;142;124;109;
01/10/1989;90,2;74,6;79,8;144;132;94,1;77,2;68,4;59;63,6;178;314;226;165;128;104;98;95,4;77,2;66;56;51;47;43;40;118;587;324;195;164;108
01/11/1989;82,4;62,4;55;60;54;48;44;38,4;35,2;36;34,4;43;46;43;37,6;32;29;25,3;23,9;23,2;28,3;47;43;48;73,3;60;46;40;41;36,8;
01/12/1989;33,6;24,5;19,3;18,7;19,3;20,6;19,3;17,4;21,3;19,3;21,9;22,6;22,6;23,9;22,6;20;18;21,3;20;14,7;11,3;11,8;11,3;10,2;10,2;11,3;11,8;15,2;12,6;21,9;21,3
01/01/1990;22,6;39,2;81,1;68,4;48;33,6;32,8;47;66;67,2;52;46;52;120;223;192;216;160;139;180;205;402;623;333;285;300;200;154;116;92,8;114
01/02/1990;86,3;68,4;52;46;40;36,8;32;30,5;35,2;60;101;164;171;145;106;82,4;67,2;48;40;32,8;31,3;37,6;99,4;95,4;101;132;96,7;73,3;;;
01/03/1990;55;45;39,2;66;61,2;82,4;111;92,8;66;55;43;46;47;147;252;241;223;178;130;95,4;77,2;73,3;64,8;75,9;64,8;63,6;66;82,4;81,1;74,6;83,7
01/04/1990;67,2;64,8;59;55;59;106;98;360;510;275;181;135;105;98;82,4;70,8;59;52;45;42;39,2;36,8;37,6;31,3;34,4;36;29;50;884;502;
01/05/1990;268;169;135;90,2;77,2;75,9;67,2;58;52;48;51;52;46;42;37,6;36,8;43;46;47;40;37,6;32,8;29,8;29,8;28,3;25,3;24,5;29,8;104;1528;1347
01/06/1990;1215;911;1098;697;1629;1715;767;493;381;358;;;;;;;;;;;;;;;;;;;;;
01/07/1990;;;;;;;;;;;;;;;;;;;601;502;744;428;;;;;;;;;
01/08/1990;;;;;;;;;;;;;;;;;;;742;875;;;;;128;114;147;209;147;132;96,7
01/09/1990;95,4;105;94,1;79,8;79,8;82,4;232;329;287;198;154;263;522;333;219;167;140;122;109;133;104;165;203;156;124;101;85;75,9;79,8;85;
01/10/1990;78,5;74,6;68,4;63,6;57;51;49;56;112;472;261;438;629;552;1104;590;345;300;239;195;162;132;106;92,8;96,7;87,6;73,3;58;57;57;90,2
01/11/1990;98;105;79,8;111;140;101;82,4;99,4;562;550;441;493;331;266;162;151;135;120;112;192;195;171;137;101;91,5;78,5;69,6;61,2;55;45;
01/12/1990;40;38,4;44;49;52;61,2;55;51;42;34,4;36;32,8;160;446;248;120;88,9;72;58;48;42;38,4;35,2;32,8;31,3;38,4;32;30,5;29;29,8;26,8
01/01/1991;23,9;23,2;26,8;18;18,7;15,2;20,6;18;15,8;15,2;14,2;10,5;16,9;15,2;14,7;14,7;13,6;8,52;9,48;7,68;13,6;10,9;15,8;19,3;32,8;112;122;83,7;54;193;147
01/02/1991;102;73,3;57;66;70,8;48;45;49;48;52;54;42;32,8;35,2;29;24,5;18,7;14,2;15,2;13,1;16,3;15,2;9,48;10,5;12,2;12,2;13,1;11,3;;;
01/03/1991;13,1;11,3;9,14;12,2;10,9;10,2;10,5;10,2;12,2;13,6;15,2;11,3;17,4;32;29,8;24,5;20;15,2;14,2;12,2;15,8;21,9;26;22,6;21,3;18,7;14,2;15,8;11,8;11,8;12,2
01/04/1991;14,7;13,6;16,9;15,2;12,6;14,7;7,96;8,8;8,52;13,1;7,68;6,44;9,14;7,16;13,1;18;14,2;14,7;20;43;36,8;21,9;19,3;28,3;33,6;48;69,6;63,6;50;38,4;
01/05/1991;29;27,5;27,5;21,3;21,3;20;16,9;17,4;14,7;15,2;14,2;11,3;17,4;16,9;26;40;29,8;35,2;33,6;21,3;17,4;17,4;18;16,9;15,8;18,7;16,9;12,6;14,2;9,48;13,6
01/06/1991;9,82;9,48;11,8;15,2;14,2;16,3;37,6;48;52;36;35,2;28,3;21,3;19,3;16,3;13,1;16,9;18,7;19,3;37,6;843;607;818;400;221;164;133;109;91,5;91,5;
01/07/1991;72;61,2;62,4;52;47;48;45;41;40;49;565;340;250;167;99,4;96,7;79,8;62,4;56;51;44;46;55;95,4;85;64,8;67,2;52;46;43;39,2
01/08/1991;39,2;42;42;36;39,2;38,4;50;120;425;407;285;365;283;209;150;122;98;85;74,6;66;60;56;52;43;43;42;38,4;42;44;41;36,8
01/09/1991;31,3;32;28,3;26,8;26,8;24,5;22,6;21,9;23,9;21,9;20;19,3;18;19,3;18,7;21,3;18;20;19,3;17,4;18;18;24,5;20,6;18,7;21,3;16,9;13,6;15,8;17,4;
01/10/1991;18,7;18;20,6;15,2;15,8;470;548;226;147;152;126;98;78,5;66;54;48;59;53;39,2;36,8;31,3;30,5;25,3;26,8;29;27,5;23,9;33,6;41;55;61,2
01/11/1991;108;141;132;94,1;79,8;60;50;48;43;37,6;35,2;32;26,8;32;66;98;104;102;92,8;29,8;26,8;23,9;18;17,4;17,4;20;26;30,5;28,3;19,3;
01/12/1991;12,6;13,1;11,8;9,82;9,48;10,2;15,2;14,7;18;36,8;52;49;53;36,8;33,6;50;45;40;30,5;27,5;40;49;45;62,4;99,4;112;165;185;135;79,8;64,8
01/01/1992;68,4;63,6;66;51;42;34,4;28,3;27,5;52;56;53;46;42;36,8;40;36;27,5;21,9;20,6;18,7;15,8;19,3;25,3;34,4;31,3;37,6;36;34,4;35,2;37,6;47
01/02/1992;59;85;99,4;81,1;77,2;68,4;57;50;53;50;54;61,2;45;36,8;35,2;36;43;49;49;47;40;46;39,2;47;74,6;70,8;67,2;70,8;61,2;;
01/03/1992;52;42;39,2;36,8;36,8;32,8;32,8;83,7;79,8;82,4;75,9;124;90,2;66;50;49;43;49;51;45;40;43;137;210;308;252;144;102;83,7;75,9;96,7
01/04/1992;73,3;60;46;42;40;36;40;55;45;38,4;32,8;35,2;99,4;126;88,9;62,4;50;44;40;37,6;38,4;32,8;32;29,8;28,3;29,8;32;28,3;23,2;24,5;
01/05/1992;23,2;32,8;31,3;29,8;28,3;24,5;23,2;23,2;23,2;18,7;20,6;21,9;32,8;55;51;46;481;670;336;209;136;202;720;381;239;181;465;1577;2310;1028;697
01/06/1992;481;;;;;;;;;;;;;;;;;;;;;;;;;;;;;;
01/07/1992;2472;1237;632;407;;415;;;;;;;;;;;;;;;;;;;;;;;;;
01/08/1992;;;;;;;;;;360;568;596;;;;;;;;;;;;;;;;;;;
01/09/1992;;;;;;;;;;;;;;;;;;;;;;;;;587;;;;;;
01/10/1992;;;;;;;;;;;;;;;;;;;;;;;;;;;;;;;
01/11/1992;;;;;;;;;;;;;;;;;;;;;;;;;;;;;67,2;62,4;
01/12/1992;214;197;126;90,2;106;64,8;55;51;48;46;53;52;46;42;44;45;45;43;36;33,6;31,3;26;26,8;21,9;24,5;23,9;21,3;20,6;18;20,6;19,3
01/01/1993;18;20;20,6;23,9;25,3;24,5;21,9;25,3;28,3;40;95,4;49;46;49;48;56;95,4;126;92,8;59;54;36,8;29,8;29;31,3;24,5;82,4;88,9;82,4;144;152
01/02/1993;130;114;144;120;133;85;91,5;95,4;72;53;47;40;39,2;37,6;43;132;104;144;87,6;69,6;78,5;111;124;178;152;116;92,8;78,5;;;
01/03/1993;69,6;60;57;91,5;79,8;83,7;74,6;78,5;87,6;88,9;87,6;79,8;73,3;69,6;67,2;59;61,2;61,2;68,4;59;62,4;54;43;48;44;39,2;37,6;35,2;36,8;28,3;35,2
01/04/1993;49;54;73,3;56;48;52;41;42;49;45;41;40;40;40;33,6;34,4;43;50;58;45;45;38,4;37,6;35,2;41;37,6;30,5;32;85;63,6;
01/05/1993;53;47;40;38,4;376;443;219;130;85;62,4;55;78,5;111;582;374;232;152;112;94,1;83,7;59;53;49;46;38,4;37,6;40;40;44;40;174
01/06/1993;266;171;135;105;340;270;169;130;104;81,1;75,9;85;70,8;58;50;47;41;51;52;45;58;67,2;59;56;58;54;48;46;42;40;
01/07/1993;42;42;47;54;55;54;66;68,4;66;68,4;130;237;186;130;102;81,1;74,6;112;95,4;102;95,4;69,6;66;64,8;57;48;44;39,2;67,2;181;167
01/08/1993;128;99,4;87,6;63,6;63,6;53;50;46;42;38,4;36,8;34,4;36,8;36,8;37,6;32,8;24,5;38,4;41;33,6;28,3;24,5;24,5;30,5;32,8;29;26;;;;
01/09/1993;;;;;;;;;;;;;;;;;;;;;;;;;;;;;;;
01/10/1993;412;388;653;1132;985;562;388;283;214;176;144;98;92,8;99,4;92,8;82,4;67,2;70,8;101;94,1;81,1;78,5;86,3;78,5;132;270;200;167;132;112;77,2
01/11/1993;61,2;58;51;37,6;43;42;56;64,8;53;40;36;34,4;30,5;36,8;145;105;90,2;90,2;79,8;62,4;49;44;39,2;37,6;33,6;32;40;36,8;38,4;40;
01/12/1993;53;39,2;53;48;48;58;72;96,7;96,7;81,1;99,4;78,5;58;82,4;130;157;106;64,8;61,2;50;42;41;37,6;38,4;36;36,8;36,8;36;32;32,8;31,3
01/01/1994;31,3;30,5;30,5;30,5;26;21,3;17,4;11,3;19,3;23,2;24,5;29,8;24,5;26;12,6;6,68;16,3;21,9;23,2;39,2;28,3;13,6;12,6;11,8;9,82;9,48;12,6;22,6;13,6;16,9;20,6
01/02/1994;33,6;40;61,2;85;91,5;78,5;98;102;86,3;88,9;289;287;295;259;183;152;106;108;118;293;379;336;241;331;210;174;140;106;;;
01/03/1994;109;106;94,1;67,2;60;53;49;45;45;37,6;39,2;36,8;34,4;27,5;27,5;27,5;26,8;27,5;27,5;26;25,3;25,3;23,2;21,3;21,9;24,5;23,9;25,3;17,4;17,4;20
01/04/1994;25,3;22,6;24,5;23,9;19,3;15,8;18;15,8;13,6;13,6;14,7;16,3;15,2;14,2;12,6;9,82;8,8;12,2;32;11,3;21,3;43;63,6;46;160;917;502;308;160;105;
01/05/1994;109;63,6;49;47;42;39,2;41;39,2;27,5;28,3;43;776;410;252;160;112;99,4;77,2;72;67,2;62,4;57;53;63,6;86,3;197;198;200;124;109;104
01/06/1994;135;118;118;197;144;157;200;200;198;200;197;195;120;98;86,3;66;59;56;132;415;443;441;275;212;367;374;216;169;136;108;
01/07/1994;109;158;162;165;847;533;370;317;293;243;165;142;126;108;98;88,9;77,2;62,4;68,4;62,4;59;58;67,2;102;82,4;728;576;331;226;180;140
01/08/1994;118;105;105;96,7;78,5;70,8;68,4;61,2;57;53;51;50;49;48;41;36;37,6;36,8;36,8;35,2;35,2;34,4;33,6;32;26,8;23,9;23,9;26;26;23,9;21,9
01/09/1994;21,3;21,3;26;24,5;22,6;22,6;19,3;39,2;41;38,4;29,8;24,5;22,6;48;69,6;90,2;78,5;57;46;43;38,4;33,6;26,8;22,6;22,6;25,3;36;40;34,4;33,6;
01/10/1994;33,6;36;81,1;124;96,7;77,2;56;48;40;37,6;32,8;31,3;32;52;48;40;36;86,3;415;576;543;324;259;237;250;210;178;176;176;171;81,1
01/11/1994;122;94,1;130;114;109;372;832;465;761;486;327;250;217;152;108;109;152;173;174;135;108;92,8;78,5;64,8;67,2;57;57;99,4;111;156;
01/12/1994;94,1;73,3;73,3;74,6;63,6;44;46;44;41;41;37,6;33,6;31,3;34,4;49;130;137;69,6;70,8;56;44;36,8;37,6;35,2;27,5;27,5;23,2;36;50;289;850
01/01/1995;422;557;370;245;176;169;193;207;311;647;358;257;245;383;498;573;355;259;333;486;379;279;198;158;133;108;102;101;106;88,9;74,6
01/02/1995;73,3;169;333;226;212;185;145;109;96,7;136;169;169;120;118;122;111;101;99,4;130;74,6;62,4;62,4;49;145;137;148;210;136;;;
01/03/1995;130;135;147;173;144;114;120;108;87,6;75,9;73,3;66;53;47;47;44;40;39,2;37,6;32;33,6;35,2;33,6;39,2;36;37,6;30,5;23,2;24,5;23,2;27,5
01/04/1995;88,9;34,4;39,2;28,3;23,9;19,3;18,7;17,4;18,7;28,3;26,8;44;45;40;38,4;29,8;26,8;23,2;32,8;64,8;74,6;73,3;62,4;43;38,4;36;23,9;23,2;25,3;22,6;
01/05/1995;23,9;22,6;20;17,4;20;22,6;28,3;20,6;19,3;18;14,7;13,1;12,6;13,6;17,4;17,4;12,2;13,1;13,6;10,5;6,2;10,2;14,2;11,3;7,96;18;14,2;7,68;16,3;16,3;17,4
01/06/1995;15,8;8,24;5,98;5,1;13,1;15,2;8,24;19,3;47;63,6;81,1;79,8;57;44;36,8;31,3;28,3;36;44;48;42;36,8;37,6;32;88,9;193;111;85;124;114;
01/07/1995;88,9;68,4;62,4;64,8;66;61,2;58;99,4;150;111;96,7;72;63,6;55;49;45;41;42;42;55;66;56;50;45;41;36,8;36;33,6;32;31,3;29,8
01/08/1995;;;;;;;;;;;;;;;;;;;;;;;;;;;;;;;
01/09/1995;;;;;;;;;;;;;;;;;;;;;;;;;;;;;;;
01/10/1995;;;;;;;;;;;;;;;;;;;;;;;;;;;;;;;
01/11/1995;;;;;;;;;;;;;;;;;;;;;;;;;;;;;;;
01/12/1995;23,2;21,3;19,3;21,3;28,3;24,5;22,6;19,3;16,3;15,8;20,6;27,5;43;36;29;23,9;22,6;21,9;26;23,2;23,9;21,9;38,4;37,6;32,8;36;37,6;45;91,5;79,8;53
01/01/1996;36,8;26,8;22,6;21,3;20,6;28,3;32;29;94,1;85;53;42;39,2;49;68,4;73,3;230;393;195;137;120;164;188;136;124;118;124;118;99,4;122;91,5
01/02/1996;124;88,9;77,2;70,8;85;293;183;135;530;470;398;479;281;198;145;135;124;98;95,4;88,9;82,4;69,6;57;58;73,3;64,8;53;82,4;105;;
01/03/1996;82,4;114;114;157;329;176;133;128;137;116;69,6;60;51;61,2;72;75,9;72;133;86,3;96,7;78,5;62,4;68,4;69,6;54;48;106;239;139;226;412
01/04/1996;438;261;185;140;130;108;109;87,6;62,4;78,5;69,6;64,8;57;49;47;51;53;43;36,8;38,4;37,6;26;25,3;25,3;27,5;26;19,3;21,3;23,9;25,3;
01/05/1996;24,5;23,9;21,3;22,6;20,6;19,3;20;18,7;20,6;18,7;17,4;18,7;17,4;16,3;14,7;15,2;14,2;8,52;12,2;17,4;14,2;16,9;18;17,4;12,6;11,8;16,3;16,9;16,3;16,3;17,4
01/06/1996;6,92;10,9;16,3;13,6;15,2;9,82;15,8;16,3;10,2;13,1;10,5;9,48;7,16;7,4;6,92;4,54;19,3;154;329;178;112;111;78,5;52;47;63,6;212;363;214;137;
01/07/1996;116;87,6;78,5;67,2;57;50;82,4;498;938;706;383;248;171;137;116;86,3;64,8;64,8;66;64,8;60;49;49;49;45;45;45;41;39,2;36;29
01/08/1996;25,3;26,8;26;24,5;23,9;23,9;25,3;32;56;353;239;139;99,4;507;750;353;221;148;126;105;86,3;75,9;64,8;59;55;52;47;45;45;43;81,1
01/09/1996;327;217;192;216;169;124;104;212;407;259;174;137;105;88,9;74,6;69,6;79,8;68,4;60;53;45;41;38,4;42;86,3;234;210;462;472;314;
01/10/1996;190;156;126;108;104;109;68,4;59;56;55;56;56;92,8;243;192;133;95,4;79,8;412;1022;498;311;245;190;209;241;209;171;136;109;106
01/11/1996;109;128;176;212;144;105;87,6;96,7;118;106;151;108;122;116;104;95,4;104;77,2;62,4;58;49;46;40;37,6;36;31,3;29,8;26,8;25,3;22,6;
01/12/1996;23,2;23,2;23,2;31,3;28,3;28,3;31,3;35,2;47;36;167;317;261;221;203;73,3;62,4;53;48;57;64,8;164;237;156;111;67,2;86,3;105;245;183;112
01/01/1997;79,8;63,6;52;43;39,2;39,2;39,2;33,6;33,6;46;49;43;52;58;62,4;63,6;46;43;55;98;285;198;154;114;91,5;86,3;90,2;120;87,6;88,9;133
01/02/1997;881;911;573;407;277;195;150;118;98;88,9;188;178;148;152;232;237;293;386;223;190;158;162;252;160;173;164;142;99,4;;;
01/03/1997;85;78,5;54;61,2;81,1;86,3;88,9;70,8;58;49;45;49;78,5;63,6;82,4;86,3;57;49;42;36,8;28,3;25,3;25,3;23,9;26;23,9;23,9;23,9;22,6;21,9;20,6
01/04/1997;20;20,6;21,9;21,3;21,3;19,3;19,3;19,3;17,4;18;16,9;16,9;15,2;15,2;14,2;14,2;15,8;13,6;10,5;16,9;20,6;21,3;21,9;20;18,7;20;21,3;15,8;12,6;12,6;
01/05/1997;4,96;8,8;6,68;6,68;14,2;12,6;14,2;4,68;15,8;5,1;6,2;15,8;7,68;6,68;5,32;11,8;6,92;3,76;9,48;9,48;4,54;55;102;49;32,8;21,3;23,9;39,2;45;64,8;49
01/06/1997;39,2;28,3;25,3;23,9;24,5;26;25,3;23,9;25,3;20,6;16,3;21,3;20;59;183;99,4;64,8;51;72;1237;505;252;165;122;94,1;88,9;190;120;87,6;64,8;
01/07/1997;49;47;72;118;109;86,3;56;49;48;46;43;39,2;41;36;27,5;26,8;63,6;144;197;676;776;550;333;216;169;137;108;88,9;83,7;73,3;61,2
01/08/1997;87,6;308;829;956;512;345;522;476;342;308;188;152;133;116;91,5;88,9;83,7;63,6;61,2;53;88,9;104;92,8;86,3;82,4;62,4;55;50;45;42;39,2
01/09/1997;36,8;33,6;32;28,3;27,5;29,8;29;26;24,5;24,5;24,5;23,9;23,9;32;39,2;35,2;33,6;32;32;32,8;40;36;26;28,3;24,5;35,2;49;32;360;483;
01/10/1997;360;530;333;209;157;173;214;273;340;1007;2256;1769;782;481;470;950;505;345;241;221;217;186;152;144;108;98;91,5;79,8;77,2;289;708
01/11/1997;483;476;495;890;587;953;673;457;319;234;488;908;861;767;479;338;254;209;185;151;141;176;174;136;108;90,2;570;295;245;230;
01/12/1997;108;120;98;82,4;74,6;63,6;63,6;98;82,4;66;55;57;57;108;176;120;82,4;63,6;54;48;41;42;37,6;32,8;38,4;41;39,2;38,4;78,5;77,2;232
01/01/1998;158;130;144;327;460;263;528;462;289;198;156;120;98;87,6;75,9;169;124;87,6;70,8;60;50;45;43;57;106;120;545;254;173;150;228
01/02/1998;350;530;688;700;517;486;360;530;326;314;512;340;266;197;145;150;202;164;118;144;132;329;181;268;314;474;324;291;;;
01/03/1998;234;221;156;122;96,7;88,9;114;108;88,9;88,9;94,1;79,8;83,7;764;562;298;210;422;540;326;219;169;145;130;150;116;85;137;298;353;407
01/04/1998;1085;587;381;248;195;157;275;281;245;156;148;133;98;83,7;79,8;533;372;268;214;147;116;104;169;1225;875;358;495;1116;850;498;
01/05/1998;345;268;209;180;150;133;109;95,4;86,3;75,9;69,6;60;86,3;446;417;254;181;144;126;98;87,6;78,5;68,4;58;59;54;69,6;72;59;51;50
01/06/1998;45;43;40;36,8;36;34,4;34,4;25,3;26;31,3;31,3;33,6;32;32;28,3;27,5;25,3;24,5;66;79,8;69,6;53;55;70,8;75,9;63,6;56;47;42;38,4;
01/07/1998;36,8;49;87,6;66;57;52;47;151;449;225;154;112;88,9;78,5;58;53;50;49;59;61,2;141;207;291;281;226;212;118;90,2;94,1;78,5;67,2
01/08/1998;66;108;151;114;116;111;88,9;83,7;79,8;68,4;56;52;176;935;1007;500;326;1141;700;454;590;1055;623;420;293;225;188;156;132;106;95,4
01/09/1998;86,3;78,5;74,6;90,2;367;221;470;773;388;248;183;152;550;393;306;261;185;221;522;752;493;347;243;192;167;152;237;342;219;158;
01/10/1998;150;132;118;99,4;268;275;263;216;174;148;188;212;150;139;108;174;604;400;245;180;141;112;94,1;96,7;72;145;162;116;92,8;83,7;70,8
01/11/1998;64,8;52;49;51;47;48;43;42;38,4;29,8;46;55;43;27,5;29;26;25,3;24,5;25,3;24,5;21,3;24,5;22,6;21,9;21,3;21,3;18;15,2;18,7;23,2;
01/12/1998;21,3;20;20,6;26;66;90,2;39,2;26;25,3;26;53;82,4;55;42;32;33,6;36;33,6;31,3;29,8;25,3;22,6;21,3;20;19,3;18;17,4;19,3;17,4;17,4;16,9
01/01/1999;18;14,2;10,5;14,2;79,8;56;36,8;25,3;23,9;20,6;20,6;55;36;37,6;40;36,8;41;26,8;142;205;174;195;181;156;112;87,6;78,5;60;62,4;60;56
01/02/1999;39,2;33,6;31,3;30,5;25,3;24,5;27,5;32,8;158;147;104;73,3;52;59;43;42;245;140;87,6;77,2;105;86,3;69,6;114;142;126;108;104;;;
01/03/1999;69,6;64,8;67,2;52;43;34,4;29;26;26,8;23,9;25,3;27,5;22,6;19,3;20,6;20,6;16,9;18,7;9,82;10,9;11,3;11,8;9,82;21,3;18,7;16,3;8,52;11,8;21,3;22,6;22,6
01/04/1999;21,9;26;25,3;19,3;18,7;16,9;20,6;25,3;27,5;25,3;21,3;22,6;50;58;221;457;198;142;95,4;61,2;48;43;38,4;35,2;31,3;28,3;20,6;23,2;22,6;33,6;
01/05/1999;26,8;26;22,6;21,9;21,9;23,2;25,3;22,6;23,2;20;20;20,6;20;18,7;17,4;16,3;20;18;14,2;16,9;16,9;5,1;14,2;16,9;13,6;14,2;11,8;16,9;24,5;59;57
01/06/1999;44;31,3;28,3;25,3;21,9;20;19,3;17,4;19,3;40;169;169;144;64,8;55;48;41;63,6;281;156;141;83,7;73,3;62,4;57;51;44;43;45;44;
01/07/1999;39,2;136;2375;1004;535;355;248;212;160;142;112;95,4;82,4;73,3;68,4;60;52;53;48;51;63,6;64,8;51;45;43;43;45;47;47;41;35,2
01/08/1999;36;33,6;31,3;30,5;29,8;29;27,5;29,8;26,8;28,3;28,3;25,3;26,8;23,9;25,3;24,5;21,3;21,9;22,6;23,2;18,7;18;19,3;16,3;15,2;18,7;19,3;15,2;18;21,9;20,6
01/09/1999;19,3;18;13,1;15,8;11,3;15,2;18,7;23,2;26,8;47;44;39,2;32;29;72;135;78,5;54;43;37,6;35,2;31,3;32,8;27,5;30,5;27,5;21,3;21,3;22,6;29,8;
01/10/1999;22,6;190;417;183;114;83,7;78,5;604;372;212;148;101;87,6;74,6;94,1;365;793;410;245;180;139;106;88,9;78,5;64,8;57;58;60;58;47;49
01/11/1999;43;41;34,4;32,8;40;38,4;28,3;32;28,3;25,3;23,9;23,9;21,3;32;31,3;29,8;26,8;22,6;21,3;17,4;19,3;20,6;21,3;20,6;20;20;16,3;16,3;20,6;14,7;
01/12/1999;15,2;14,7;14,7;18,7;15,2;17,4;19,3;18,7;25,3;29,8;21,9;15,8;23,9;27,5;27,5;22,6;21,9;15,2;12,6;13,1;13,6;11,3;17,4;9,14;10,9;11,3;16,9;12,2;14,7;11,3;10,5
01/01/2000;15,2;16,6;19,3;20,6;16,32;13,64;18;16,32;16,32;19,95;21,9;62,4;60;36,8;36,8;52;54;68,4;46;32,8;28,25;21,25;18,65;22,55;77,2;50;38,4;32;25,25;21,25;26,75
01/02/2000;47;81,1;68,4;63,6;54;45;36;29,75;26;25,25;25,25;25,25;24,5;32;37,6;215,6;152,5;78,5;57;46;36,8;36;39,2;73,3;62,4;55;81,1;179,7;152,5;;
01/03/2000;169;243,2;130;86,95;70,8;139,15;313,9;221;135,9;98;83,7;59,5;54;51;47;44;49;53;58;48;38,4;34,4;29;29;45;78,5;36,8;37,6;69,6;48;38,4
01/04/2000;32,8;27,5;28,25;26;26;30,5;23,2;19,95;18,65;21,25;18,65;18;22,55;17,44;14,42;14,16;26,75;490,4;525;252;145;98;87,6;57;49;42;42;38,4;33,6;36,8;
01/05/2000;34,4;28,25;34,4;41;151;224,6;174,4;116;86,3;67,2;56;49;43;38,8;39,2;37,6;42;38,4;36,8;32,8;27,5;32,8;31,25;27,5;24,5;27,5;24,5;26,75;27,5;26,75;24,5
01/06/2000;23,85;20,6;19,95;18,65;21,9;23,2;21,25;21,9;19,95;18,65;17,44;20,6;19,95;21,9;22,55;21,9;18;41,5;247,6;201,8;143,7;101,5;76,55;59,5;49;46;57;62,4;55;83,7;
01/07/2000;85;82,4;114;99,4;87,6;69,6;58;53;53;167,2;590;311,2;212;142,4;130;116;94,1;82,4;68,4;60;55;51;73,95;112;86,3;72;63,6;56;49;46,5;47
01/08/2000;55;48;50;49;46;47;39,2;32,8;29;29;29;26;26;23,85;31,25;112;114;281;181,4;124;92,8;73,3;62,4;54;46,5;50;106,4;120;87,6;67,2;59
01/09/2000;52;47;41,5;43;37,6;34,4;32;31,25;32;33,6;49;631,5;716,8;998;914;535,4;419,8;417,2;935;991,4;512;362,5;281;758;773;451,5;291;234,4;189,9;156,25;
01/10/2000;145,75;215,6;174,4;141,1;189,9;163,6;138,5;102,2;79,8;112;176,2;183,1;512;1158;670;462,3;454,2;550;367,3;342,5;291;200,1;165,4;148;254,3;160;490,4;456,9;230;163,6;135,9
01/11/2000;105;98;90,2;79,15;54;62,4;57;59;69,6;85;72;66;56;55;45;40;36;32,8;43;48;40;37,6;36,8;34,4;70,8;61,2;44;36;32,8;36;
01/12/2000;38,4;39,2;43;45;62,4;44;34,4;31,25;23,85;23,2;23,85;36;48;54;184,8;397,6;183,95;106,4;73,3;61,2;49;50;49;147,25;158,5;154;105;154;158,5;352,5;316,6
01/01/2001;198,4;138,5;114;92,8;74,6;79,8;81,1;73,3;72;81,1;87,6;85;70,8;64,8;61,2;86,3;114;109,2;116;219,2;198,4;174,4;186,5;146,5;133,3;100,8;86,3;133,3;126;263,5;467,3
01/02/2001;412;270,4;281;390,4;400;576;342,5;219,2;160;130;110,6;92,8;98;107,8;174,4;176,2;128;109,2;308,5;488;527,6;402,4;440,7;360;316,6;316,6;297,7;152,5;;;
01/03/2001;128;112;96,7;88,25;75,9;63,6;72;105;88,9;90,2;83,7;64,8;52;48;46;48;63,6;100,8;94,1;78,5;63,6;66;61,2;77,2;68,4;67,2;67,2;61,2;52;46;42
01/04/2001;53;138,5;105;72;65,4;48;44;46;110,6;160;132;95,4;67,2;58;48;40;40;38,4;34,4;35,6;55;75,9;61,2;103,6;345;210,3;134,6;98;83,7;60;
01/05/2001;56;52;47;158,5;201,8;134,6;92,8;74,6;63,6;53;57;55;49;48;42;41;47;52;46;45;48;803,9;474,2;245,4;167,2;126;116;155,5;224,6;191,6;130
01/06/2001;102,2;90,2;69,6;63,6;57;55;143,7;133,3;98;62,4;54;55;50;50;48;90,2;340;183,1;128;138,5;124;102,2;87,6;66;82,4;252;254,3;176,2;137,2;100,8;
01/07/2001;87,6;77,2;69,6;62,4;57;51;48;45;43;40;46;100,8;99,4;68,4;56;52;47;47;622,05;323,8;345;226,4;167,2;126;102,2;102,2;222,8;217,4;169;122;99,4
01/08/2001;87,6;78,5;67,2;60;55;50;47;45;44;43;40;38,4;36,8;36;33,6;32,8;25,25;32,8;27,5;32;35,2;35,2;31,25;27,5;24,5;44;46;87,6;78,5;61,8;51
01/09/2001;49;43;37,6;35,2;46;45;48;48;49;74,6;155,5;109,2;77,2;63,6;53;49;43;37,6;37,6;34,4;31,25;29,75;33,6;36;33,6;34,4;32;303,1;576;265,8;
01/10/2001;857,5;1075,2;456,9;275;191,6;138,5;141,1;667,5;785;400;256,6;186,5;158,5;133,3;146,5;130;155,5;198,4;222,8;154;120;116;107,8;90,2;70,8;60;52;51;49;48;47
01/11/2001;42;34,4;33,6;31,25;31,25;32;31,25;36;37,6;32,8;350;357,5;160;120;203,5;98;90,2;72;57;49;43;81,1;51;41;36;35,2;41;52;285;347,5;
01/12/2001;300,4;210,3;112;86,3;94,1;91,5;79,8;62,4;48;54;60;57;74,6;79,8;64,8;90,2;79,8;59;48;40;37,6;37,6;44;39,2;35,2;29,75;29;29;29;23,2;22,55
01/01/2002;24,5;27,5;26,75;24,5;16,88;18;40;30,5;24,5;54;36,8;26;29;36,8;48;33,6;29;24,5;21,9;18;20,6;21,9;18;35,2;58;44;32;24,5;64,8;60;50
01/02/2002;39,2;33,6;27,5;28,25;25,25;21,9;21,9;23,85;26;23,85;24,5;22,55;26;49;43;40;38,4;29;26;23,85;22,55;21,25;17,44;19,3;21,9;18,65;17,44;18,65;;;
01/03/2002;27,5;22,55;33,6;36;31,25;29;30,5;36,8;30,5;30,5;26,75;24,5;26;31,25;37,6;29;29;30,5;51;41;33,6;26,75;27,5;21,9;32;45;36;40;30,5;26;31,25
01/04/2002;27,5;21,9;22,55;23,85;23,85;24,5;20,6;20,6;18,65;14,68;19,3;18,65;11,76;14,16;58;39,2;29;27,5;50;105;105;69,6;48;41;34,4;30,5;21,9;18,65;23,2;23,85;
01/05/2002;23,85;27,5;23,2;18;14,68;28,25;28,25;26;25,25;21,25;16,6;16,04;13,64;16,32;14,68;28,25;106,4;245,4;340;261,2;170,8;137,2;99,4;75,9;61,2;54;47;39,2;39,2;37,6;40,5
01/06/2002;35,2;38,4;29,75;28,25;28,25;28,25;28,25;38;42;42;43;45;59;58;252;309,85;193,3;133,3;107,8;87,6;72,65;60;52;48;43;36,8;36,8;34,4;32,8;32,8;
01/07/2002;36;36,8;36;31,25;29,75;25,25;37,6;57;52;45;38,4;34,4;38,4;36,8;29;25,625;23,85;22,55;21,9;21,25;23,2;43;45;43;40;37,6;43;38,4;37,6;36;45
01/08/2002;443,4;277;226,4;183,1;137,2;446,1;272,7;163,6;133,3;118;94,75;79,8;67,2;60;106,4;99,4;78,5;66;55;48;53;64,8;145;124;88,9;59;53;49;45;53;44
01/09/2002;36,8;36,8;33,6;29,75;30,5;29,75;98;105;66;48,5;45;44;66;193,3;311,2;186,5;381,1;392,8;287;562;388;245,4;174,4;142,4;109,2;88,9;75,9;60;56;49;
01/10/2002;94,1;98;191,6;329,2;205,2;456,9;263,5;157;123;112;86,95;95,4;114;91,5;81,1;107,8;252;165,4;114;107,8;313,9;497,6;281;198,4;241;474,2;316,6;228,2;345;488;469,6
01/11/2002;422,4;308,5;208,6;215,6;277;188,2;148;118;92,8;232,2;564,8;291;191,6;148;118;100,8;91,5;169;319,3;213,8;161,8;145;114;87,6;70,8;112;102,2;152,5;303,1;367,3;
01/12/2002;289;254,3;200,1;149,5;279;592,8;352,5;241;195;155,5;133,3;308,5;196,7;145;130;87,6;78,5;68,4;59;66;81,1;99,4;124;181,4;265,8;176,2;132;92,8;64,8;64,8;59
01/01/2003;79,8;60;70,8;157;186,5;128;85;64,8;52;56;94,1;87,6;54;48;46;39,2;39,2;36,8;34,4;48;57;43;35,2;32;28,25;23,85;27,5;26;34;28,25;23,85
01/02/2003;18,325;19,95;21,25;21,25;24,5;31,25;25,25;47;96,7;74,6;57;56;42;36;30,5;32;56;62,4;44;38,4;55;88,9;73,3;57;47;67,2;59;64,8;;;
01/03/2003;49;68,4;90,2;191,6;124;118;138,5;279;313,9;221;212;203,5;183,1;130;99,4;68,4;107,8;91,5;67,2;55;122;107,8;86,3;64,8;52;47;42;40;32,8;31,25;32
01/04/2003;31,25;32,8;32,8;120;106,4;88,9;51;43;35,2;33,6;31,25;28,25;25,25;26,75;23,2;24,5;22,55;16,88;53;53;46,5;35,2;30,5;28,25;26;26;23,85;23,85;23,85;18,65;
01/05/2003;25,25;28,25;25,25;26;23,85;22,55;21,25;21,9;20,6;20,6;20,6;16,88;14,68;15,2;13,64;15,2;12,6;12,6;12,6;13,12;13,64;14,68;21,25;28,25;32,8;26,75;21,25;18,65;18;16,32;15,2
01/06/2003;12,6;15,76;17,44;35,2;38,4;49;55;61,8;85;155,5;109,2;85;70,8;59;53;41;35,2;37,6;33,6;45;39,2;36,8;32,8;29,75;29;26,75;23,2;21,25;18,65;21,25;
01/07/2003;18;17,44;17,44;13,64;16,32;16,32;19,3;19,3;27,5;36,8;38,4;28,25;25,25;23,2;22,55;58;141,1;91,5;63,6;49;44;37,6;36,8;33,6;31,25;29,75;28,25;25,25;23,2;21,9;21,25
01/08/2003;20,6;18,65;17,44;18;18,65;17,44;19,95;19,3;15,76;15,2;16,32;14,68;14,68;15,2;15,2;16,32;15,76;18;14,68;14,16;13,12;14,68;9,48;8,8;10,5;16,32;16,32;14,16;14,68;14,16;8,24
01/09/2003;13,64;13,64;12,6;8,8;13,12;4,4;5,32;12,6;16,32;10,92;20,6;21,25;14,16;14,16;16,32;13,12;13,64;12,18;13,12;6,92;7,96;14,16;11,34;15,76;10,5;9,82;8,24;11,34;16,88;15,76;
01/10/2003;12,18;13,12;12,18;13,12;13,64;11,34;13,12;14,68;21,575;50;40;36;31,25;28,25;23,2;19,95;19,95;15,76;11,76;14,16;17,44;47;41;32;26;70,8;92,8;82,4;59;47;35,2
01/11/2003;36;31,25;28,25;23,2;22,55;20,6;19,95;18;19,3;21,9;19,95;16,88;15,76;26;27,5;25,25;422,4;334,6;371,9;184,8;109,2;81,1;59;45;53;63,6;64,8;50;35,2;26;
01/12/2003;23,2;26;22,55;26,75;51;42;33,6;29;30,5;30,5;29;149,5;230;834,4;512;645;564,8;285;179,7;141,1;456,9;367,3;478,8;323,8;189,9;151;105;83,7;77,2;79,8;381,1
01/01/2004;355;196,7;137,2;98;68,4;57;63,6;112;102,2;79,8;74,6;63,6;59;81,75;86,95;63,6;57;46;47;41;37,6;26,75;20,6;37,6;27,5;27,5;28,25;28,25;26;32;38,4
01/02/2004;47;56;40;37,6;36,8;34,4;33,6;28,25;27,5;23,2;20,6;21,9;19,3;15,76;17,44;21,25;23,2;19,95;18;16,88;17,44;18;17,44;16,32;15,76;16,88;82,4;70,8;41;;
01/03/2004;30,5;22,55;19,3;18;16,88;13,12;12,18;15,76;16,88;11,34;13,64;12,18;26;21,9;19,3;18;17,44;14,16;13,12;13,12;15,76;22,55;17,44;14,68;10,16;14,68;8,8;5,98;15,2;15,76;7,4
01/04/2004;8,24;8,52;3,92;11,34;20,6;15,76;14,68;13,12;7,4;12,6;15,2;14,16;15,76;13,64;13,12;9,14;5,54;13,12;58;134,6;68,4;43;41;46;48;39,2;35,2;27,5;25,25;25,25;
01/05/2004;17,44;63,6;68,4;106,4;133,3;94,1;120;191,6;139,8;95,4;70,8;68,4;128;111,3;95,4;68,4;55;47;40;36,8;38,4;32;30,5;31,25;32;47;61,2;45;39,2;32,8;35,2
01/06/2004;37,6;34,4;35,2;34,4;31,25;29,75;25,25;23,85;25,25;27,5;107,8;203,5;137,2;86,3;58;57;46;44;36;33,6;30,5;33,6;28,625;29,75;31,25;26;24,5;28,25;26,75;25,25;
01/07/2004;25,25;29,75;30,875;141,1;357,5;193,3;126;148;316,6;191,6;135,9;99,4;81,1;72;234,4;857,5;468,45;319,3;208,6;170,8;137,2;109,2;107,8;85;70,8;70,8;57;57;48,5;45;45
01/08/2004;45,5;45;41;37,6;37,6;33,6;32,8;31,25;29;31,25;28,25;26,75;26,75;19,95;21,25;16,32;8,8;8,8;15,76;16,32;16,32;18;14,16;16,32;16,32;24,5;21,25;38,4;74,6;56;36
01/09/2004;21,25;;;;;;;;;;;;;;;;105;74,6;60;60;60;58;56;54;60;70,8;91,5;120;132;105;
01/10/2004;86,3;61,2;52;50;47;45;43;39,2;34,4;43;96,7;96,7;181,4;490,4;241;151;215,6;258,9;381,1;277;178;135,9;106,4;319,3;809,3;642,3;329,2;217,4;178;139,8;126
01/11/2004;138,5;124;110,6;138,5;316,6;224,6;149,5;128;116;110,6;261,2;297,7;268,1;161,8;141,1;205,2;176,2;143,7;109,2;90,2;77,2;66;55;49;48;36;43;55;99,4;67,2;
01/12/2004;52;40;41;38,4;23,2;40;44;57;59;53;112;94,1;60;49;41,5;37,6;38,4;38,4;39,2;41;43;38,4;36,8;40;49;39,2;32,8;28,25;23,85;26;22,55
01/01/2005;20,6;17,44;24,5;26;25,25;25,25;23,2;22,55;25,25;35,2;33,6;31,25;32;23,85;19,3;21,25;29,75;27,5;23,2;19,3;19,95;19,3;18;18;249,8;178;88,9;57;46;39,2;29
01/02/2005;28,25;26,75;20,6;23,2;16,32;19,3;18,65;16,32;15,76;14,68;14,16;11,34;4,4;10,16;8,8;5,98;8,8;12,6;5,32;6,92;12,6;9,82;7,96;7,68;12,6;10,5;9,48;15,76;;;
01/03/2005;14,16;9,14;15,76;13,64;4,54;4,08;10,92;7,4;6,2;7,16;8,24;7,68;4,82;8,24;9,14;13,64;12,18;12,18;8,8;3,76;8,24;7,16;8,52;11,76;18,65;13,12;10,92;11,34;10,92;9,82;8,24
01/04/2005;8,24;91,5;383,4;454,2;297,7;163,6;126;99,4;132;107,8;77,2;59;49;36,8;33,6;29;25,25;29;27,5;41;68,4;54;37,6;32;35,2;31,25;29;27,5;25,25;25,25;
01/05/2005;31,25;29;25,25;21,25;22,55;18,65;18,65;19,95;23,85;26;27,5;35,2;33,6;30,5;26;32;29;29;655;650;1170,8;647,5;332,8;228,2;243,2;198,4;151;120;99,4;83,7;74,6
01/06/2005;68,4;61,2;56;50;46;47;41;40;37,6;33,6;32;44;74,6;154;201,8;642,3;631,5;1128,3;564,8;332,8;228,2;179,7;142,4;120;96,7;86,3;78,5;72;66;60;
01/07/2005;53;50;44;43;43;45;41;39,2;35,2;32,8;29,75;29,75;29,75;27,5;27,5;26,75;30,5;63,6;52;40;32,8;58;138,5;;124;96,7;88,9;59;52;45;39,2
01/08/2005;38,4;33,6;31,25;31,25;27,5;25,25;24,5;23,2;30,5;72;79,8;59;48;41;38,4;33,6;32;31,25;32;31,25;26,75;26,75;24,5;29;36;36,8;32;27,5;26;33,6;417,2
01/09/2005;691;367,3;219,2;542,8;1411;590;357,5;252;184,8;152,5;141,1;205,2;311,2;285;327,4;295;247,6;210,3;268,1;258,9;195;165,4;145;137,2;137,2;139,8;110,6;92,8;72;86,3;
01/10/2005;118;109,2;88,9;149,5;1190;667,5;465;376,5;;400;331;275;234,4;;;;;;;;;143,7;126;103,6;91,5;82,4;78,5;700;920;412;281
01/11/2005;203,5;157;134,6;120;134,6;174,4;412;303,1;195;151;124;105;87,6;75,9;70,8;66;68,4;74,6;67,2;61,2;57;47;40;37,6;54;37,6;42;36;31,25;30,5;
01/12/2005;36,8;37,6;47;35,2;31,25;32;31,25;29,75;25,25;22,55;19,95;21,25;18,65;16,32;13,64;14,16;14,68;6,68;23,2;23,2;18,65;40;29,75;21,9;16,88;16,32;11,34;17,44;13,12;10,5;11,76
01/01/2006;16,32;32,8;26,375;22,55;19,625;20,6;15,2;17,44;12,6;10,5;9,82;10,33;9,14;8,8;8,52;10,16;8,24;7,96;8,52;18;16,88;15,2;15,76;55;42;52;36,8;29,75;21,25;23,2;19,95
01/02/2006;20,6;21,25;19,95;19,95;23,2;23,2;23,2;21,25;21,25;20,6;14,16;12,18;12,6;8,24;12,6;14,16;17,44;18,65;17,44;19,3;23,2;79,8;64,8;43;52;40;33,6;24,5;;;
01/03/2006;23,9;54;62,4;90,2;67,2;47;35,2;28,3;31,3;34,4;28,3;24,5;23,2;21,3;23,2;18,6;15,2;14,2;7,68;21,9;140;137;98;68,4;61,2;73,3;73,3;57;275;219;116
01/04/2006;77,2;57;48;42;34,4;29,8;26,8;28,3;27,5;54;47;44;36;23,2;23,5;24,5;23,9;24,5;18;19,3;18,6;21,3;21,3;19,3;19,3;15,8;15,8;9,14;12,2;13,1;
01/05/2006;9,48;11,8;13,6;12,2;10,5;10,5;11,3;16,3;12,2;15,8;13,9;13,1;11,3;10,9;9,48;8,52;11,8;11,3;9,82;11,8;10,5;12,6;7,96;11,3;6,8;5,76;6,68;8,8;10,2;8,8;10,9
01/06/2006;8,8;8,52;6,68;6,92;8,8;7,68;8,8;7,96;7,16;6,68;10,2;9,48;7,96;7,16;4,4;7,4;6,44;4,96;8,8;4,54;6,68;7,96;6,2;15,2;11,8;14,2;21,3;21,3;15,2;12,6;
01/07/2006;10,5;12,2;12,6;11,8;12,2;13,6;10,2;12,6;;;;;;;;;;;;;;;;;;;;;;;
01/08/2006;;;;;;;;;;;;;;;;;;;;;;;;;;;;;;;
01/09/2006;24,5;66;132;78,5;55;40;36;30,1;40;40;45;32;31,3;28,3;28,3;24,5;24,5;23,9;25,3;30,1;45;50;45;40;32;28,3;24,5;21,3;21,3;18;
01/10/2006;24,5;45;60;50;40;40;32;28,3;31,3;24,5;23,9;23,9;24,5;24,5;24,5;55;91,5;91,5;72;55;46;40;31,3;24,5;18,6;21,3;18;18;15,2;18;16,6
01/11/2006;66;72;64,8;45;36;37,6;74,6;38;49;36,8;28,3;24,5;24,5;23,2;21,9;21,3;19,3;28,3;145;322;207;145;81,1;62,4;74,6;128;85;111;122;;
01/12/2006;87,6;55;47;40;41;39,2;60;61,2;48;40;38,4;40;32;24,5;20;21,3;21,9;19,3;27,5;45;55;55;50;60;207;232;275;187;122;83,7;66
