Cdigo,1,2,3,4,5,6,7,8,9,10,11,12,ANUAL,DJF,MAM,JJA,SON,Latitude,Longitude,Cota
2548049,"304,379311","275,962068","254,842857","132,846427","110,989285","83,224138","100,448275","74,144828","154,113792","154,320689","163,741379","221,172413","2030,185462","801,513792","498,678569","257,817241","472,17586","7166834,23","738562,78",14
2548052,"305,673335","267,193333","218,03","137,456666","126,416667","112,66","115,879999","93,36","190,073333","180,983333","158,083334","222,176667","2127,986667","795,043335","481,903333","399,313332","529,14","7143396,55","708158,352",299
2549000,"163,47","155,156666","116,163334","86,143333","125,536666","108,703334","116,45","88,100001","140,833333","145,996667","122,703333","153,393332","1522,650001","472,019998","327,843333","345,383333","409,533333","7131123,04","621836,62",803
2549003,"187,036666","160,236669","122,583333","84,373333","103,136666","105,586668","110,253334","90,576667","144,426668","135,6","115,929999","163,579999","1523,320001","510,853334","310,093332","345,256669","395,956667","7128843,58","661875,271",867
2549059,"166,086668","157,053332","120,033334","82,876666","108,153333","106,399999","108,556667","80,503334","136,773332","145,203334","117,640001","145,646666","1474,926668","468,786666","311,063333","325,833333","399,616667","7145979,11","612003,164",827
2549061,"180,066667","162,383332","127,123333","88,570001","106,936667","103,943333","112,083334","88,84","141,139999","147,113332","120,123333","152,656667","1530,979997","495,106666","322,630001","342,063333","408,376664","7140059,28","650318,572",837
2549062,"149,169999","146,229999","116,67","79,996666","88,829999","76,74","102,416666","74,693333","130,003333","123,953333","110,646666","132,483333","1331,833328","427,883331","285,496665","307,113332","364,603332","7148000,58","668018,161",900
2549076,"185,048001","154,163999","119,216","89,4","111,842307","114,603846","114,8","86,861537","134,9","144,826923","116,453846","143,46923","1515,585689","482,68123","320,458307","336,561537","396,180769","7125488,11","631795,871",804
2550001,"179,816666","156,556667","108,533333","95,353333","120,313332","110,853334","117,463332","89,07","145,946666","166,156667","135,336667","157,793333","1583,193331","494,166666","324,199998","352,479999","447,44","7137945,03","561168,834",765
2550005,"178,273332","153,709999","132,93","108,273333","125,476666","111,786666","113,643333","86,23","143,173333","174,256666","140,033333","156,933331","1624,719992","488,916662","366,679999","343,046666","457,463332","7129557,64","532122,13",790
2550032,"174,98","136,16","125,413334","83,143333","111,663334","105,586667","108,36","85,273334","141,806665","151,790001","126,936667","152,923332","1504,036668","464,063332","320,220001","335,44","420,533333","7143922,66","586868,592",792
2648019,"214,917241","185,524138","175,141379","109,448276","107,81","95,203333","112,763334","89,568966","137,59","149,244827","139,286206","161,444828","1677,942528","561,886207","392,399655","339,9223","426,121033","7038621,34","728780,945",5
2648028,"231,407407","211,382141","185,710713","107,085186","93,181482","91,074074","114,335714","91,055555","146,658621","163,068966","146,017859","185,251723","1766,229441","628,041271","385,977381","352,049891","455,745446","7072829,07","716342,765",7
2649002,"265,359998","222,473335","176,866666","113,036667","118,073332","98,909999","129,393332","109,946666","160,32","187,53","151,483334","191,390001","1924,783332","679,223334","407,976665","399,659999","499,333334","7041535,83","681978,825",61
2649003,"207,118519","173,546427","159,485184","90,132142","110,914814","95,237037","123,367858","96,215384","142,336001","175,230768","141,307408","146,35","1661,241541","527,014946","360,53214","361,919242","458,874177","7036752,61","662544,197",139
2649004,"226,379999","189,43","151,213334","103,433334","113,043333","94,823333","115,16","99,836666","148,970001","164,853332","135,716667","172,673333","1715,533333","588,483332","367,690001","363,966668","449,54","7031244,76","671723,677",67
2649006,"170,376669","153,823333","119,446667","93,46","127,523332","110,486667","120,943334","96,17","146,213332","153,376667","123,19","162,350001","1577,360002","486,550003","340,429999","363,326666","422,779999","7112678,54","619997,872",799
2649007,"219,520689","197,985186","163,561537","101,796297","106,648148","99,550001","117,076922","90,648149","150,537037","144,622222","115,439286","163,751851","1671,137326","581,257726","372,005982","358,262109","410,598545","7021161,4","692115,842",17
2649008,"226,346666","196,883332","145,863334","96,833333","118,086666","94,719999","120,44","102,973334","160,260001","173,346666","136,433333","169,250001","1741,436667","592,479999","360,783333","383,673335","470,04","7041090,56","671995,716",76
2649009,"239,523334","196,926667","149,017242","108,931035","115,02069","99,765518","125,233334","105,596551","166,186207","175,873332","136,489655","170,906896","1789,47046","607,356897","372,968967","397,016091","478,549194","7015604,3","691148,119",53
2649010,"243,030001","209,826667","170,833335","105,243333","112,333333","97,803333","121,743334","101,443333","149,023333","166,343333","135,816666","181,169999","1794,61","634,026667","388,410001","372,21","451,183332","7035037,98","690531,918",33
2649012,"255,639999","244,533333","185,236668","113,113333","119,956665","99,629999","125,36","101,733333","160,163332","178,630001","153,633335","191,023333","1928,653332","691,196665","418,306666","387,256666","492,426668","7068127,69","690613,031",29
2649013,"256,610001","215,150002","182,676666","107,463334","118,81","105,296666","142,46","109,156666","171,65","182,096667","152,68","194,416667","1938,466668","666,17667","408,95","423,266667","506,426667",7076232,"670281,311",103
2649016,"179,52069","154,248276","114,385713","90,160714","118,789654","102,117241","124,710714","95,192856","142,232144","153,264285","125,146429","151,420689","1551,189406","485,189655","323,336081","362,135714","420,642858","7099621,18","639528,074",784
2649017,"213,653333","187,800001","142,949999","96,836666","112,476667","99,130001","129,196666","101,616666","152,616666","180,823333","141,093332","167,99","1726,183331","569,443334","352,263332","383,429999","474,533331","7043975,67","650890,359",521
2649018,"180,693333","170,016667","124,796669","82,54","107,303334","106,886666","114,51","88,339999","137,466666","146,66","122,020001","149,163333","1530,39667","499,873333","314,640003","340,316665","406,146667","7106162,6","661871,866",812
2649053,"163,846668","148,496666","114,710001","89,146666","117,746667","100,626666","121,043333","94,63","134,486666","168,11","118,990001","144,62","1516,453334","456,963334","321,603334","350,159999","421,586667","7021175,29","618893,995",398
2649054,"179,893333","159,713792","131,131035","92,744827","123,034484","113,48276","144,979311","107,162069","153,910345","164,520691","140,855173","160,617241","1672,045061","500,224366","346,910346","406,051725","459,286209","7065028,5","615209,743",942
2649055,"175,236665","154,58","109,596667","83,42","112,68","101,633333","129,153333","97,693333","139,959999","154,88","121,523334","151,176668","1531,533332","480,993333","305,696667","366,806665","416,363333","7077065,02","642304,469",851
2649056,"164,930002","147,913332","118,67","88,129999","123,619999","111,196666","131,990001","102,313333","138,46","166,076667","116,860001","166,82","1576,980001","479,663334","330,419998","372,763334","421,396668","7087007,26","607061,696",862
2649057,"191,396666","175,176667","124,213334","94,666666","114,773333","108,566666","117,866667","89,883333","138,823333","140,493334","121,770001","161,11","1578,739999","527,683333","333,653333","346,573332","401,086668","7102516,63","672544,534",887
2649058,"150,593103","135,262068","106,868966","86,203448","112,858621","97,399999","126,868965","92,072414","128,886207","153,64138","114,262069","152,36","1457,27724","438,215171","305,931035","347,827586","396,789656","7046522,41","616590,179",383
2649060,"308,965387","270,607691","218,611538","145,599999","145,199999","129,592","155,672001","110,584","213,520001","222,552","194,557692","218,93077","2334,393077","798,503848","509,411536","479,776001","630,629693","7098983,98","691764,541",705
2649061,"172,169232","152,056001","107,992001","88,56","93,988","92,823999","122,434615","91,946155","129,042307","162,268","120,946154","141,22963","1475,456092","465,454863","290,540001","343,423076","412,256461","7024492,53","631866,035",279
2650000,"167,483334","159,489999","122,926667","99,75","139,080002","123,006667","131,79","110,766667","168,133334","190,093334","134,793334","147,073332","1694,386669","474,046665","361,756669","410,690001","493,020002","7083073,54","570749,644",782
2650008,"169,623332","167,393334","121,216667","105,803334","141,573334","117,016666","133,266666","96,313333","147,16","186,616667","147,029999","155,873332","1688,886662","492,889998","368,593335","376,739999","480,806666","7081785,63","512136,999",751
2650014,"187,493331","201,826666","147,08","91,037931","117,646667","94,923333","116,313332","100,52","141,872414","178,496552","136,524138","158,062069","1671,796434","547,382066","355,764598","358,705745","456,893104","7019357,78","585038,524",578
2650015,"160,603333","162,21","141,739999","91,476667","127,506667","102,56","125,15","96,416668","144,936666","179,429999","130,660001","150,806666","1613,496667","473,619999","360,723333","366,503335","455,026666","7045446,74","570541,538",814
2650016,"173,876666","168,693335","139,106667","108,6","140,433332","120,653333","134,68","111,353333","157,380002","198,253335","146,326667","152,923332","1752,280003","495,493333","388,139999","403,413335","501,960004","7062686,46","539731,155",874
2650018,"155,976665","151,336668","106,26","95,226666","139,116666","116,796667","132,136667","100,606667","148,036666","185,823333","144,966666","157,310001","1633,593331","464,623334","340,603332","380,78","478,826665","7085342,17","535366,724",773
2651000,"149,983333","163,909999","124,106897","115,172414","154,320691","130,917242","136,465517","105,858619","158,69655","195,475862","142,19","152,429999","1729,527122","466,323331","393,600002","401,020685","496,362412","7099047,22","491982,213",751
2651001,"184,98","185,19","129,309999","160,683333","150,676668","146,916667","158,386667","134,293333","167,899999","225,939999","173,596667","178,866666","1996,739998","549,036666","440,67","460,58","567,436665","7027335,03","420896,667",1047
2651003,"167,943334","181,249999","136,94","124,47","156,131035","141,348275","139,934482","106,606898","159,768965","194,85862","159,520688","160,486207","1829,258504","509,67954","417,541035","406,310345","514,148273","7081455,11","472874,668",878
2651004,"159,742859","158,151724","127,903449","116,87931","166,206896","127,978571","150,996428","105,260714","157,335713","196,371429","142,060714","164,7","1773,587807","482,594583","410,989655","413,592855","495,767856","7105830,29","478347,765",779
2651010,"175,996666","170,036667","152,913332","117,413333","142,819999","125,506667","129,923333","99,266667","152,646666","203,853333","161,883334","155,366666","1787,626663","501,399999","413,146664","381,836666","518,383333","7054152,48","466849,701",1137
2651013,"155,613333","156,583335","133,829999","121,533333","155,226667","130,310001","139,1","109,663333","161,169999","193,743331","150,453333","152,926666","1760,153329","465,123334","410,589999","409,933332","505,366663","7103168,61","470247,828",813
2651015,"174,966667","159,603333","143,206666","130,766666","166,456668","140,503334","143,806665","109,250001","176,356666","227,273331","172,51","185,21","1929,909997","519,78","440,43","429,413332","576,139997","7105732,01","445035,147",910
2651020,"163,330001","156,87","136,030001","125,966666","163,853333","140,36","143,693333","112,066667","171,583333","209,36","156,756668","161,636667","1841,506669","481,836668","425,85","427,343333","537,700001","7107632,62","460020,244",950
2651022,"187,666665","171,786207","131,103334","149,007142","171,382142","156,031035","159,435715","124,5","172,493103","232,339285","185,265515","158,386208","1999,396353","517,83908","451,492618","456,428818","590,097903","7056600,48","412222,748",1181
2651023,"180,94","162,850001","154,113332","130,573333","172,466666","144,333332","149,586667","108,473333","176,713334","221,76","173,796667","193,48","1969,086665","537,270001","457,153331","434,773334","572,270001","7111262,33","443345,361",866
2651026,"174,027585","173,960714","147,586207","118,410714","147,417859","123,217242","127,4","115,420689","147,035715","201,372414","153,886207","162,189999","1791,925344","510,178298","413,41478","389,856404","502,294336","7071106,69","457336,973",1147
2651035,"162,713335","181,603334","131,046667","153,556666","167,940001","159,293333","156,626666","121,600001","167,479999","240,250001","166,846667","190,233335","1999,190004","534,550004","452,543334","445,706666","574,576667","7083408,27","413535,404",1146
2651036,"174,526667","174,976666","139,379999","117,5","143,731034","123,42069","125,896667","106,893333","142,276667","195,64138","165,648277","149,963333","1759,854713","499,466666","400,611033","375,066667","503,566324","7038355,34","473877,487",1052
2651040,"205,513332","189,803334","145,570001","177,839999","177,699998","165,436668","173,143334","136,133333","181,736666","244,333335","193,289999","179,520001","2170,020001","574,836667","501,109998","491,013333","619,36","7028468,82","398756,885",1077
2651043,"180,15","179,567857","134,510714","168,010712","190,707145","171,378571","157,5","126,360716","184,800001","253,689286","166,560715","185,414287","2098,650004","545,132144","493,228571","468,660716","605,050002","7070402,75","401993,897",1092
2652001,"175,373333","173,155174","134,133333","150,07931","145,017241","151,675861","144,341379","134,136667","167,072414","222,976665","160,923333","157,096667","1915,981377","505,625174","429,229884","445,55046","550,972412","7018266,13","382624,098",635
2652002,"180,20357","177,175862","127,967858","152,193105","169,827585","146,135715","136,731034","113,277778","166,54815","249,564285","155,040739","167,126667","1941,792347","524,506099","449,988548","416,556961","571,153174","7058594,5","336651,437",521
2652010,"180,46","166,886668","131,736667","153,896667","162,516667","159,126667","150,983334","117,926669","185,309999","243,139999","158,366666","174,200001","1984,550004","521,546669","448,150001","454,220002","586,816664","7070389,92","400332,664",1073
2652011,"178,033335","165,286667","114,940001","158,433333","172,693335","152,916667","141,640001","122,636666","164,61","232,813332","173,669999","156,230002","1933,903337","499,550004","446,066669","428,886667","571,093331","7084595,72","343667,403",886
2652012,"186,029999","171,046667","128,143334","152,696666","188,090002","164,476666","139,74","117,786666","167,329999","238,433333","180,123333","166,313333","2000,21","523,389999","468,930002","424,856666","585,886665","7093523,8","320250,768",796
2652013,"184,483332","171,923335","126,383334","149,603333","197,190001","167,206667","152,623332","122,213333","169,81","229,783334","180,293333","158,479999","2009,993333","514,886666","473,176668","444,646665","579,886667","7097373,18","331855,353",820
2652015,"174,163332","176,926667","132,103333","165,421428","190,553572","163,034482","152,473334","125,72","162,517241","230,868964","183,517241","170,732142","2028,031738","521,822141","488,078333","440,710576","576,903446","7092864,2","370588,562",812
2652021,"183,033333","182,360001","128,273334","151,7","158,996666","146,343334","130,666667","119,04","155,093332","229,286667","171,666668","158,963333","1915,423337","524,356667","438,97","404,799999","556,046667","7041371,46","311004,718",358
2652025,"183,28","174,25","122,409999","152,773336","188,656668","162,876666","143,273333","123,283332","170,3","237,19","181,65","172,636666","2012,58","530,166666","463,840003","436,856665","589,14","7088097,93","328647,616",792
2652031,"186,656668","189,913333","135,633331","162,083332","197,303333","165,386666","150,109999","129,02","184,030001","247,106667","176,193333","173,27","2096,706661","549,840001","495,019996","463,16","607,330001","7084207,63","316581,453",862
2652033,"172,57","173,600001","125,863334","155,056667","185,85","166,733335","146,733333","119,563332","169,733334","242,399999","182,963332","176,363332","2017,429998","522,533333","466,770001","436,029999","595,096665","7097728,92","340510,72",739
2653001,"163,368965","175,725","139,835714","149,6","172,310343","159,686207","144,503448","115,020689","168,234483","223,207142","175,69","163,583333","1950,765324","502,677298","461,746057","427,75862","567,131625","7073161,16","292576,509",906
2653002,"170,346428","204,248149","155,999999","163,839286","200,81111","162,081482","148,046428","127,42143","183,310343","250,917239","206,272413","173,20345","2146,497758","547,798027","520,650395","458,778201","640,499995","7092276,99","238248,82",804
2653003,"179,406667","190,46","134,620689","157,189653","159,223333","146,7","138,179311","126,389655","162,259998","241,059999","159,289998","168,263332","1963,042637","538,129999","451,033675","426,828964","562,609995","7035996,56","295944,348",461
2653004,"176,076667","190,036667","141,66","163,943333","167,629999","166,589998","137,21","127,503333","166,63","249,443334","173,969999","185,306669","2045,999999","551,420003","473,233332","431,343333","590,043333","7046800,48","272317,355",344
2653005,"178,59","202,743333","149,49","172,779999","181,646666","169,543333","147,666667","111,613333","174,513333","253,146668","185,266665","172,766666","2099,766665","554,099999","503,916665","433,793334","612,926666","7071560,06","251060,542",707
2653007,"153,199999","178,999998","121,069999","140,800001","134,683333","151,370001","130,520001","108,24","166,216667","203,443331","150,003332","139,603333","1778,149994","471,80333","396,553333","404,976668","519,66333","7020094,24","300644,618",272
2653019,"167,446668","177,243334","125,733334","160,946667","181,290001","160,153334","138,836667","112,736666","168,753333","233,266665","179,086666","169,42","1974,913334","514,110002","467,970002","420,326667","581,106664","7096599,58","280232,656",685
2653021,"185,093334","185,719999","138,989999","153,166667","170,316667","171,393333","144,473333","115,62","173,163334","240,566667","188,583334","178,399999","2045,486666","549,213332","462,473333","433,256668","602,313335","7097934,64","251883,55",615
2653022,"175,55","185,566666","126,556667","164,649998","171,28667","171,446666","143,440001","111,733334","172,033333","228,846667","184,813334","174,88","2010,803335","535,996666","462,493335","427,206667","585,693334","7080819,69","296001,944",919
2653023,"173,213333","183,946666","140,343332","162,019999","182,543334","168,183333","148,286668","112,853333","174,646666","242,826666","192,356666","179,413334","2060,633329","536,573333","484,906665","435,786667","609,829998","7085491,27","278757,151",887
2748000,"228,803704","187,282143","149,628572","102,464286","93,825926","86,860714","105,525","97,328571","142,532143","155,003572","136,489655","176,37931","1662,123596","592,465157","345,918784","345,385714","434,02537","7000707,26","706432,193",28
2748001,"208,961539","195,144444","129,548147","91,311111","92,381481","73,248148","100,603571","97,548148","141,048148","142,596297","124,318519","158,425926","1555,13548","562,531909","313,240739","339,199868","407,962964","6966014,58","702392,518",42
2748003,"234,476668","214,453334","153,263333","112,863334","105,873334","87,05","121,363333","102,499999","157,03","161,463334","136,226666","186,106669","1772,670004","635,036671","372,000001","380,893333","454,72","6957761,03","698769,473",218
2748016,"272,766666","244,266666","186,086668","115,823333","103,186665","78,266666","108,746666","95,548276","160,355173","176,865517","157,310345","215,141381","1914,364022","732,174713","405,096666","364,650115","494,531035","6954313,45","720317,649",34
2748017,"222,583332","250,386666","166,386667","124,993333","141,193334","88,333332","112,05","90,166666","158,086665","171,573333","154,800001","213,156667","1893,709997","686,126665","432,573334","360,303331","484,459999","6905474,65","728592,682",5
2748018,"223,996667","240,929998","171,579999","90,776666","100,980001","86,43","116,123334","100,156667","127,923335","136,77","138,643334","198,036667","1732,346668","662,963332","363,336666","344,203336","403,336669","6912009,02","704286,566",430
2749000,"197,316665","158,266667","134,856667","84,706667","109,653333","94,653333","120,163333","98,453334","139,213333","169,953333","129,716666","152,936668","1589,889999","508,52","329,216667","357,829999","438,883332","7008325,29","659200,297",95
2749001,"180,165518","147,189655","106,875862","83,127586","107,023333","91,149999","116,543334","91,919999","133,066667","165,236665","126,34","143,063332","1491,701951","470,418505","297,026781","341,530001","424,643332","7006719,14","647109,894",160
2749002,"170,923334","158,566667","91,853334","106,093333","111,553334","97,296666","138,383334","113,903333","140,510001","156,553334","129,46","149,803333","1564,900003","479,293334","309,500001","392,796668","426,523335","6968631,04","637840,528",368
2749003,"195,6","178,310345","138,013793","92,403449","114,917242","93,4","118,246665","99,096667","131,62","180,663334","146,144828","165,696553","1654,112875","539,606898","345,334484","348,963332","458,428162","7000633,4","599670,473",378
2749005,"170,676667","137,516667","95,21","81,173333","107,736667","93,546667","121,186667","94,353333","121,743333","155,203333","119,316667","127,490002","1425,153335","435,683336","284,12","337,283333","396,263333","7008987,21","639888,197",284
2749006,"167,793332","168,843335","121,73","90,75","109,439999","86,663333","121,636667","103,416667","133,993334","158,576666","140,803334","146,400001","1550,046669","483,036668","321,919999","359,046668","433,373334","6984619,89","604849,816",356
2749007,"185,616667","157,950001","99,843333","89,13","106,84","96,926668","142,956667","113,483334","145,826667","156,063334","127,21","134,746667","1556,593337","478,313335","295,813333","402,266667","429,100001","6931586,81","659416,475",828
2749012,"223,736667","261,366668","179,716667","111,723334","116,276668","90,606666","121,836667","106,003335","141,636666","154,303334","149,676667","197,53","1854,413337","682,633335","407,716669","369,476667","445,616667","6901754,53","685391,643",320
2749013,"175,076666","149,473335","104,053333","92,976667","104,15","94,183334","123,606668","105,090001","134,556666","156,846666","133,023333","137,539999","1510,57667","462,09","301,18","363,253335","424,426665","6980802,2","621836,321",342
2749015,"236,493333","202,776666","147,406668","108,433333","98,94","81,440001","113,513333","102,413334","157,963333","161,560001","130,713335","168,843332","1710,496668","608,113331","354,780001","373,890001","450,236669","6967936,14","699731,113",94
2749016,"195,766667","162,753334","131,306666","84,95","103,413334","94,87","118,063333","99,88","136,986667","160,56","126,113334","142,44","1557,103336","500,960001","319,67","354,93","423,660001","7008061,83","660547,429",92
2749017,"174,829998","151,233334","105,106668","91,543333","107,36","89,683333","128,423333","109,940001","129,063334","151,549999","125,166667","140,046667","1503,946666","466,109999","304,010001","367,426667","405,78","6957123,47","642925,945",426
2749020,"275,713334","238,696665","160,186667","108,559999","108,33","88,99","127,713335","106,486666","170,013334","194,493332","148,113334","203,666666","1930,963331","718,076665","377,076666","404,213335","512,62","6937475,15","696657,816",842
2749027,"240,519999","253,056666","185,320689","114,606898","116,144828","95,846667","136,275862","115,482759","144,920688","161,375863","167,524139","214,156669","1945,231726","707,733334","416,072415","396,67931","473,82069","6911137,71","683840,797",442
2749033,"162,524139","157,248276","100,546666","94,776667","97,946668","83,434483","114,619999","96,533333","128,234482","149,383333","124,379311","141,746668","1451,374025","461,519083","293,270001","339,387815","401,997126","6969019,06","661608,905",388
2749034,"170,976667","162,066668","114,303334","90,883333","107,513334","91,363333","129,350001","113,170001","140,876667","153,283333","127,66","144,736667","1546,183338","477,780002","312,700001","383,396669","421,82","6956173,83","669152,469",550
2749035,"176,94","157,679309","120,34","106,243334","119,556668","107,77","153,989656","112,489655","161,637929","175,606898","142,168966","148,139999","1682,562414","482,759308","346,140002","428,117241","479,413793","6930679,77","604060,758",860
2749037,"157,153333","144,48","99,84","87,57","99,233334","91,263333","135,353334","106,875862","133,544829","144,803447","117,417242","126,300001","1443,834714","427,933334","286,643334","375,774024","395,765518","6936796,08","661211,209",445
2749039,"180,010714","166,860712","121,892858","97,460714","109,132144","98,075","128,717858","100,857143","132,607142","161,592857","134,060715","130,371429","1561,639285","477,242855","328,485716","362,182143","428,260714","6990046,61","635520,453",341
2750007,"162,423334","164,103449","111,91","115,948275","123,85862","116,096553","161,75862","123,923334","144,133333","167,996667","140,97","126,644828","1659,767013","453,171611","351,716895","429,815287","453,1","6911168,03","588694,134",1122
2750008,"159,803334","160,403334","104,353333","121,69","127,093334","114,993333","146,47","112,846667","143,016665","192,91","140,419999","134,946666","1658,946666","455,153334","353,136667","402,333332","476,346664","6953979,95","513851,608",709
2750009,"151,416667","142,866667","106,720001","113,37","122,539999","107,456666","137,206666","108,846666","143,706666","183,563334","140,326666","156,976666","1614,996665","451,26","342,63","389,759999","467,596666","6976885,68","524649,177",759
2750010,"157,673332","152,36","110,196667","107,696666","129,639999","114,133334","142,813333","108,54","143,753334","178,086666","136,053334","152,03","1632,976664","462,063332","347,533332","395,106666","457,893334","6995443,2","552839,814",956
2750012,"151,61","161,536667","110,053333","109,06","118,943334","110,183334","137,616668","112,35","139,936667","174,853334","131,746667","159,709998","1617,600002","472,856665","338,056667","389,903335","446,536668","6975244,82","555995,952",958
2750014,"177,858621","188,289654","136,593103","89,978572","124,324138","92,748276","122,465518","97,196429","131,782144","163,457142","137,175","161,1","1622,968596","527,248275","350,895813","351,444091","432,414286","7002417,93","595774,027",357
2750020,"159,503334","162,833335","107,093333","121,440001","128,41","116,74","148,326665","113,449999","142,850001","185,13","139,603332","146,503333","1671,883335","468,840002","356,943334","404,626666","467,583333","6940318,34","541123,81",885
2751004,"165,434483","180,248276","116,127586","122,244828","137,131034","125,676667","141,566667","112,633333","150,176667","213,596666","145,206667","161,363332","1771,406206","507,046091","375,503448","404,376667","508,98","6994441,35","450440,571",526
2751006,"162,119999","150,546667","102,083333","141,12","148,266666","136,040001","166,24","129,32","154,486667","200,376668","152,076666","142,813332","1785,489998","455,479998","391,469999","450,046666","506,940001","6935352,13","424331,302",578
2751007,"167,27","146,359999","124,756668","136,903334","156,806666","143,603333","181,713332","131,966667","173,206667","213,236665","164,500001","142,236667","1882,559998","455,866666","418,466668","486,886666","550,943333","6908027,68","419883,908",641
2751011,"181,685715","192,339286","137,599999","155,207143","156,396428","143,548146","149,764285","134,907406","171,939288","221,439287","171,032143","174,507143","1990,366269","548,532144","449,20357","456,610978","564,410718","7007565,5","409532,752",737
2751012,"156,229999","162,123335","109,503333","132,21","142,909999","133,416668","148,029999","111,406667","156,093334","197,546666","154,166665","145,69","1749,326666","464,043334","384,623332","415,530001","507,806665","6975502,08","439827,68",504
2751015,"161,544825","164,568966","108,486208","151,086206","160,155172","139,844827","177,193104","127,762069","176,786208","224,172413","163,082758","154,689656","1909,372411","480,803447","419,727586","481,741381","564,041379","6938396,63","454939,381",759
2751017,"180,96","155,000001","117,193334","136,57","169,026667","140,426667","185,3","139,106668","180,223333","222,660001","165,593334","152,003333","1944,063338","487,963334","422,790001","504,630002","568,476668",6902181,"455511,257",856
2752005,"166,46154","166,992308","131,496153","150,85","155,548001","135,012","146,188","130,619231","167,761538","215,457693","154,557694","160,696155","1881,640312","494,150003","437,894154","444,56877","537,776925","6978334,64","401719,304",543
2752006,"179,379999","173,083334","131,15","156,530001","185,32","153,31","175,94","156,483333","202,393333","233,77","166,736668","166,983333","2081,080002","519,446666","473,000001","534,816666","602,900001","6918258,6","371620,104",760
2752017,"148,203448","152,776664","114,056666","132,972414","153,493334","144,890001","166,106896","118,624137","172,299999","208,41","152,939999","139,196667","1803,970226","440,176779","400,522414","457,031032","533,649998","6969639,93","356187,92",800
2753002,"148,653333","154,300001","115,153334","152,010001","149,989999","152,9","144,203334","124,323333","152,563333","208,643334","153,709999","150,996666","1807,446667","453,95","417,153334","421,09","514,916666","6972501,97","262584,596",553
2753006,"152,563332","190,666667","127,816667","153,416669","154,610001","149,016667","149,589999","119,410001","160,906666","211,806666","152,136667","158,823334","1880,763335","502,053333","435,843337","429,906666","524,849999","7003841,67","285910,351",386
2753009,"148,063334","152,700001","131,676667","159,470001","148,593333","141,846668","136,063334","106,023335","149,773333","214,980001","136,566667","154,136667","1779,893341","454,900002","439,740001","391,860002","501,320001","6960287,46","210062,478",434
2753013,"161,463334","197,446666","136,856667","170,570001","169,226668","162,483333","144,203333","127,823333","169,820001","232,793334","158,863333","168,230001","1999,780004","527,140001","476,653336","441,846668","561,476668","7011309,72","248738,46",567
2753014,"152,180001","163,210001","131,42","163,86","165,876666","153,75","164,62","128,386666","167,626665","224,856668","162,593333","162,123333","1940,503333","477,513335","461,156666","460,633331","555,076666","6945568,54","295614,821",384
2753016,"155,74","156,463333","127,676668","155,134481","164,610345","140,096551","149,786208","117,744829","160,056667","229,560002","151,986666","160,79","1869,64575","472,993333","447,421494","427,587704","541,603335","6955122,86","235045,168",497
2848006,"209,610002","228,030002","163,75862","99,431034","109,462069","85,513794","118,303448","100,934483","130,346666","139,953333","127,866666","170,531034","1683,741151","608,171038","372,651723","349,584597","398,166665","6889435,75","704475,834",188
2848007,"150,762068","144,831035","122,663333","97,934483","96,85862","80,872414","108,675","99,65","134,114285","125,458621","133,430001","125,326666","1420,576526","420,919769","317,456436","342,439285","393,002907","6869503,87","725369,323",12
2849000,"171,836667","186,662069","128,364285","90,193103","85,821429","74,65","101,921429","96,382758","125,186667","138,876667","117,98","144,176667","1462,051742","502,675403","304,378817","323,490854","382,043334","6854862,39","685451,453",22
2849001,"208,873335","199,953333","144,186666","86,686667","95,113334","72,483333","103,293333","91,763333","114,679999","136,489999","120,54","149,586667","1523,649998","558,413335","325,986667","309,736665","371,709998","6861848,31","667096,126",99
2849002,"188,030001","211,116667","131,158621","82,993104","99,555172","70,506896","101,282759","93,531034","113,124137","120,46207","122,703333","149,236665","1483,700459","548,383333","313,706897","307,93793","356,28954","6865345,27","678505,49",50
2849004,"150,579999","156,106897","140,696668","94,323333","101,303333","92,726667","113,024138","112,744828","124,299999","133,196552","118,393334","129,356666","1466,752414","436,043562","336,323334","350,068965","375,889885","6795813,8","636287,638",5
2849005,"187,486666","201,04","144,351726","99,436667","100,872414","90,393104","103,4","122,841378","122,62069","139,737931","143,941378","153,872414","1609,994367","542,39908","344,660807","348,862067","406,299999","6809827,91","633010,362",35
2849008,"219,646668","222,04","144,866666","92,28","96,806666","73,93","103,623333","90,593333","115,663332","124,543333","129,436667","162,703333","1576,133331","604,390001","333,953332","309,879999","369,643332","6878265,68","677145,473",89
2849009,"154,693334","150,868964","115,924138","89,417241","101,910345","96,048276","129,579311","107,696428","129,082757","146,653572","114,37931","138,027587","1474,281263","443,589885","307,251724","366,358497","390,115639","6865083,54","635600,451",1286
2849019,"237,580001","261,296668","196,806667","124,91","112,086667","102,65862","126,193103","137,379309","154,679309","186,931033","175,816666","198,500001","2014,838044","697,37667","433,803334","418,251722","517,427008","6809728,73","613384,951",117
2849020,"140,056667","133,246666","127,550001","91,323334","111,766666","88,960001","113,18","109,513333","126,696666","140,71","120,806668","126,64","1430,450001","399,943333","330,640001","349,389999","388,213334","6833998,83","692323,002",16
2849021,"170,860001","157,423334","107,043334","98,024138","104,841378","99,003448","141,872413","116,862068","148,416667","142,843333","126,363332","143,716667","1557,270113","472,000002","309,90885","407,151149","417,623332","6903233,16","639887,777",893
2849022,"159,417857","149,035714","139,917856","94,296427","104,771429","91,570001","116,146666","115,49","127,442858","125,742857","127,092858","127,160714","1478,085238","435,614285","338,985712","359,079524","380,278573","6821660,11","665710,383",49
2849023,"180,793333","168,703333","122,843333","102,463334","114,146665","109,87","155,9","127,183334","145,470001","168,059998","148,086666","153,566666","1697,086664","503,063332","339,453332","428,553336","461,616665","6861432,89","617181,237",1088
2849024,"191,772416","170,775862","143,021428","103,867856","111,121428","94,960715","119,535714","111,785715","130,453572",149,"143,889655","151,272413","1621,456774","513,820691","358,010712","361,775001","423,343227","6807404,39","637562,704",15
2850002,"169,029999","156,206667","125,673333","120,816666","113,656667","128,163332","159,206667","146,050001","153,433333","166,396667","135,980001","145,406667","1720,02","470,643333","360,146666","458,69","455,810001","6821189,98","591142,137",1227
2850004,"146,944827","138,524137","99,165518","110,186208","108,214286","103,525926","142,337036","117,455556","142,803573","146,878572","128,413793","114,796552","1499,245984","400,265516","317,566012","402,596165","418,095938","6885797,52","554902,591",936
2850008,"162,614815","159,000001","116,344445","121,299999","133,655556","117,374075","156,411113","129,885186","170,866665","183,662963","137,048149","139,348148","1727,511114","460,962964","371,3","457,162964","491,577777","6879407,48","523688,415",646
2850009,"156,023334","155,103332","118,816667","106,44","104,423334","124,69","152,533334","127,316666","141,766665","162,61","134,400001","143,376667","1627,500002","454,503333","329,680001","421,616665","438,776666","6806652,52","553260,61",695
2851007,"146,116667","160,673332","109,516666","128,219999","136,456667","130,749999","157,706668","119,696666","160,979999","185,793334","146,669999","141,743333","1724,32333","448,533332","374,193332","438,383333","493,443332","6876816,02","446039,569",771
2851043,"151,010345","142,679309","98,348276","138,793104","153,975862","133,624138","175,358619","122,389654","174,306897","202,344828","153,124137","135,336666","1781,291835","429,02632","391,117242","472,05517","529,775862","6896217,96","481438,717",950
2852046,"157,3","152,337931","125,176666","138,865517","155,426667","135,755173","171,12069","133,066666","171,486667","214,955173","154,106898","142,799999","1852,398048","452,43793","419,46885","475,674023","540,548738","6896109,03","402108,682",686
2949001,"219,124139","208,413334","149,344828","116,524999","101,310344","100,810345","121,032143","126,010715","167,377778","165,718519","174,017242","160,057143","1809,741528","587,594616","367,180171","414,420635","507,113539","6769861,14","600784,304",52
2949003,"150,313333","155,986668","140,320001","110,173333","111,483333","106,92","117,226668","127,923333","127,71","139,38","132,720001","129,493333","1549,650003","435,793334","361,976667","372,860001","399,810001","6778250,09","632430,044",3
2950008,"147,53","149,67","104,890001","105,42","95,293333","117,483334","131,783332","124,156666","125,953334","144,49","119,16","128,91","1494,740001","426,11","305,603334","381,893332","389,603334","6780636,9","581090,856",956
2950027,"150,020689","154,175861","112,93793","105,778572","90,87931","112,460715","118,903448","119,375863","123,210715","142,02069","121,035715","143,967857","1494,767365","448,164407","309,595812","361,490026","386,26712","6749254,43","579250,391",374
2950034,"162,46","152,916667","122,176667","111,566667","92,873333","111,553334","131,170001","115,670001","127,159999","143,633332","125,636665","152,66","1549,476666","468,036667","326,616667","374,000001","396,429996","6751101,16","579263,304",776
2950038,"174,076665","199,255172","163,88276","127,368965","102,248276","121,728572","128,635714","133,24138","153,748276","156,563333","148,882759","152,842857","1762,474729","526,174694","393,500001","415,62537","459,194368","6728231,26","591400,042",15
