Longitude,Latitude
219198.87710,6991606.39831
219331.68505,6992221.00387
218914.07465,6993227.76775
219730.92921,6994188.22316
222685.18004,6994411.97500
222565.64590,6995346.98703
220746.61854,6994957.12627
219989.68679,6995923.95664
220083.92168,6996378.59784
221028.48397,6996132.94272
221753.47886,6996523.38109
221926.53669,6997381.44844
221751.55874,6998213.04252
220552.94530,6999030.25468
220876.55930,6999481.24480
221377.99640,6999535.15951
221958.60674,6998671.37954
222893.39857,6998297.45379
224825.38771,6999203.20501
221952.77506,7001306.04352
221909.77743,7001983.08074
222505.77054,7003100.32919
224135.04423,7001882.04273
225194.25249,7002367.77578
224802.31695,7002733.73473
223888.43530,7002654.09639
222600.60344,7003908.35521
222058.88613,7005981.38538
223123.74897,7005788.97219
224399.91025,7003870.18057
225509.66496,7003079.06006
226421.53803,7003698.19531
225690.33303,7004177.55199
224684.08091,7004989.33706
223751.02039,7007623.88574
224555.27078,7007295.86621
225865.52162,7005565.43123
226262.17881,7006732.03137
227484.63517,7007174.45406
227307.09795,7008073.85985
226354.90772,7008638.05997
225943.95961,7009799.12919
227109.09266,7010001.98361
228102.23375,7009019.73333
228933.64176,7010090.12056
227777.88818,7011589.24067
229644.96212,7011396.24730
230353.07462,7011957.71754
230324.80478,7012359.46644
228394.01050,7013453.43878
229052.87501,7013738.32530
229410.05967,7015262.09006
230777.52021,7014563.91025
231539.61307,7015114.92645
231927.03691,7015931.24259
231004.80197,7017479.23471
231142.27375,7018126.50360
234027.75499,7016836.95372
234580.38029,7016735.18897
234827.50757,7017146.88160
233834.64043,7017594.33180
232223.04006,7018622.30024
233751.28888,7020070.00438
234553.67246,7020375.14783
233906.93134,7020934.44013
234612.64338,7022602.78860
232277.21330,7023276.59901
232675.38353,7024421.90264
233804.97246,7025224.22204
232345.46758,7025798.22027
232158.52911,7026428.48321
235400.39012,7025819.51723
235771.88651,7026147.53935
235645.01703,7026646.01250
234619.22724,7027111.19660
234001.58841,7028091.39830
232225.68049,7027692.00957
232284.61283,7028297.96039
232873.73833,7028801.78134
232103.61654,7029383.42213
231579.13276,7030783.28592
230600.20040,7031472.58374
230732.15265,7031762.02809
231190.79874,7031250.57317
231821.97592,7031310.41975
231590.12477,7033151.43217
230736.07495,7033125.27172
230028.86236,7034226.00902
230005.10116,7035142.64450
231570.26841,7036031.24100
231584.14946,7036417.85915
230155.09043,7036539.25390
230023.16652,7035857.72183
228624.15836,7035730.52644
227174.37519,7036898.46333
228471.15658,7036653.75708
229109.86932,7036894.88776
229747.07704,7037383.40143
230034.95362,7038450.40194
228981.56059,7039186.86865
228270.22536,7040463.30240
227851.74476,7039251.48620
226477.67011,7039369.21990
227224.79899,7040484.59459
225694.72514,7041671.39561
226020.23036,7042728.20148
226636.14586,7041723.62206
228051.26417,7042081.51657
228173.20426,7043859.78150
227196.52763,7045003.68864
227018.36960,7045940.35503
227646.38049,7045833.11028
228432.84263,7044776.69677
229727.53019,7045811.93925
229487.47863,7046184.58657
228285.80672,7046470.15437
228703.44971,7046844.65513
228658.39071,7047530.13578
229438.11369,7047563.58970
229213.89688,7049183.26334
228779.35121,7049655.73913
229019.79062,7048632.57914
228718.22461,7048514.49268
227929.00690,7049182.58215
227860.81768,7049907.45419
227015.09759,7049697.43147
225354.71676,7050338.04760
226175.53902,7051012.85558
227289.06790,7050095.09438
227135.34831,7051607.85337
227962.35051,7051635.30134
228294.22666,7053058.30414
227682.66797,7053960.76701
228278.98732,7054167.79492
228194.73472,7054708.75373
228347.63682,7055728.72122
227936.78454,7056434.85185
228711.61255,7056211.62547
228871.14977,7059139.94175
230199.78731,7059161.85922
230373.75334,7059459.26939
230089.13052,7059825.98372
229172.02704,7059706.11408
228089.35904,7058767.22495
227481.85686,7058673.93314
227464.65946,7059369.98363
228583.72991,7059490.36654
228602.61543,7060050.55168
228335.05330,7060493.64067
226912.41071,7060985.52600
228037.83777,7061689.51664
228682.35359,7061346.32219
229011.16618,7061913.36254
228568.33269,7062279.46596
229350.71897,7063149.24068
228349.25734,7063217.09042
227967.10645,7065696.18090
228387.98212,7065968.02984
229023.82956,7065272.54773
229585.98320,7065669.99145
230571.26421,7065177.43018
230113.03820,7066035.58994
230607.04748,7067152.08181
231379.94176,7067186.13074
230891.14338,7068446.67678
231314.60182,7068856.07469
230633.55008,7069045.83877
230184.15206,7068165.97225
229990.22471,7068962.25432
229362.25688,7069290.65197
230455.54768,7070171.91395
231089.32028,7069559.34362
231176.57039,7071047.51129
230605.20834,7071605.59657
230400.25021,7072545.54303
231140.82979,7072673.90547
231120.25182,7072130.71323
231951.53657,7072347.35237
231921.66877,7074027.32399
231445.43142,7073854.99689
230921.14631,7075438.07534
230181.75838,7075515.81552
230154.84732,7076162.97380
230617.05135,7076186.96782
231035.58895,7076891.04205
230004.51572,7077624.49936
229725.76772,7078515.77002
230567.92231,7078523.37846
230890.25969,7079470.21507
230493.40135,7080138.78799
230631.90040,7081196.98931
231592.45067,7081673.70165
230993.80255,7082155.14209
231641.79746,7082266.48116
232016.24172,7084239.66934
232879.15928,7084404.70929
232787.09447,7084827.00465
233392.13623,7084934.11525
233168.04299,7085577.48424
233553.57495,7085489.49498
233473.30476,7086131.59036
233929.26151,7086371.73999
234754.02192,7088598.62255
235869.25187,7089748.40133
235955.18996,7091268.48443
236219.02385,7092755.85330
235926.64080,7093583.29352
237756.70238,7092813.22368
238251.54703,7093176.44938
239347.57523,7093019.23968
241615.18650,7093371.38529
242315.97494,7091360.76797
243305.65987,7091200.41410
244822.12361,7090035.20981
245036.45568,7089595.17530
245108.95674,7089446.36188
245221.76719,7089371.75725
248170.25431,7089426.34919
250685.81041,7088360.65782
252507.99736,7089441.17269
252591.04446,7089497.63678
253059.24789,7089816.37253
254264.84579,7089274.92573
256247.95287,7090888.13214
257110.59163,7091163.09182
257994.97820,7091444.95633
258282.50057,7091568.48446
261745.29646,7094844.77973
262233.55709,7094534.90147
262707.70809,7095325.88822
263881.22743,7094256.14047
264622.74243,7094567.26841
265200.51828,7093934.02477
265730.91668,7094759.12922
265770.80113,7094821.18366
266645.24760,7094571.58582
266716.34902,7093965.24623
268304.21084,7094072.36634
269149.25106,7093524.29463
269701.77424,7093488.58123
272113.57016,7095001.53050
272201.34351,7094936.14361
272264.55963,7093520.46087
272930.72684,7093433.16432
274355.02815,7091323.35814
274127.78205,7090402.19307
274871.74923,7090233.96992
275129.36564,7089226.10636
275762.97034,7089390.08117
277266.69567,7087765.68501
279719.71936,7086032.03679
279888.60962,7085936.52780
280658.48988,7085909.99844
281995.63476,7084380.96578
283520.40500,7083933.83834
284174.56159,7083582.62157
284347.81581,7083639.76861
285083.75204,7084405.45696
285858.50534,7084241.28129
286405.06276,7082970.66960
286923.44482,7082771.33539
287197.88012,7081871.71151
288033.20883,7081111.37441
289537.90297,7080859.72215
289739.13747,7080342.13359
290424.46917,7080069.48442
291061.84349,7080179.93660
291448.49108,7079368.60627
292454.17436,7079588.67335
295801.97555,7080522.75287
297680.57540,7081778.99968
301381.31078,7084253.63067
301799.80344,7084303.17225
305385.28219,7082709.88168
306688.42910,7082799.51424
307269.71217,7082839.53470
307756.03938,7082913.66345
308738.31608,7083508.88791
309582.22191,7083081.44257
311011.84665,7083031.18869
311925.54893,7083077.44261
312616.57927,7083017.40100
313262.14840,7083215.71070
315583.56451,7084892.50823
316135.78711,7084429.28592
317815.18483,7084781.37998
318910.38785,7084851.33126
319507.80015,7084723.79384
320543.30946,7084318.52677
321285.35652,7084028.13397
322787.43137,7084540.79384
323932.76224,7084160.90371
324407.72618,7084003.33897
325195.40403,7084955.09867
326168.44383,7084873.71374
326583.42615,7085245.07186
327805.18818,7084578.74411
328492.60746,7083587.57745
329495.51363,7083855.21127
330104.78116,7083604.85586
330347.12876,7083660.80361
332504.83464,7084159.16993
334535.73383,7081773.50474
334586.27920,7081747.07099
335890.49677,7081065.44882
336793.86360,7080593.28849
337037.51506,7079961.45838
338300.40320,7079488.08878
338562.87183,7078714.40804
338859.71173,7078057.27342
339037.10341,7077904.99989
339574.78044,7077618.02731
340279.96753,7077461.26955
340983.55160,7077304.79285
341020.30248,7077324.54435
342519.24249,7078128.59228
343919.29903,7077888.33031
344466.97496,7078184.35417
344881.05469,7077781.24668
346501.45693,7078647.39682
348107.71755,7079041.47435
350786.50326,7076922.04571
352739.72766,7076787.45700
353870.83718,7075090.28382
353923.29157,7075011.63725
354303.36210,7074766.31742
355129.70060,7074687.50559
356028.49000,7074774.86454
357833.12170,7074950.30064
358230.10269,7075034.85795
360094.97613,7076118.33036
360283.27157,7076680.79457
360951.25380,7075822.94657
361676.42891,7075351.64219
362731.70811,7074782.86834
363660.70826,7075661.24745
365088.93246,7074719.15029
366196.17339,7075506.09185
366749.95521,7074561.34930
368041.98008,7074822.42041
369882.75262,7074835.61746
371959.41706,7072901.40860
372120.86157,7072446.60920
372942.97869,7072486.38623
374052.37951,7073317.43176
374931.57108,7073307.23464
375490.86216,7073300.79906
376156.83490,7072412.13458
378348.64881,7072126.17700
379964.53556,7072802.77387
381307.88938,7074342.37844
381792.28996,7074433.93211
384597.92759,7071527.28516
385928.01437,7071311.61489
386963.43086,7071702.12744
387457.23863,7071086.42030
387709.43373,7071025.92302
389139.26169,7071103.79132
390399.42991,7070366.02782
390550.21740,7070088.84813
390663.73176,7067931.11150
390889.44609,7067314.25087
391054.58468,7067030.63451
391585.23069,7067439.67652
392510.32229,7065603.09730
392651.85909,7065545.73107
393936.64997,7065816.36696
394372.01058,7065121.46438
394875.29736,7065335.43242
395649.82455,7064586.90367
397117.00675,7063985.52905
397395.19238,7063345.72693
398278.27978,7063133.00241
398372.01695,7062405.34062
398869.13256,7062144.82304
399289.08889,7061164.31763
401879.73450,7061256.15768
402207.57232,7060904.11931
403234.28156,7061036.49883
404410.91974,7060307.95355
405708.38536,7060786.89604
407566.75527,7059200.38888
410409.16802,7059670.87821
411936.67399,7059071.22168
412411.82983,7057870.03084
413022.57668,7057534.15958
413167.13266,7057570.03663
414858.80886,7058404.40846
415987.00021,7058126.24007
417984.73318,7059558.57659
418480.10425,7059806.63395
420070.94729,7059043.10426
420597.18156,7058886.55250
421319.23982,7058762.84913
426893.91412,7060381.64959
429851.75554,7059715.43669
430790.74746,7059503.99554
433767.33419,7061441.92435
435655.56098,7060367.79188
437214.49376,7058903.03287
438754.36724,7058711.67517
440461.18168,7059247.46415
441808.86539,7058718.50059
447211.26741,7058583.37281
449062.42385,7059554.86180
450789.37988,7058909.80017
451130.99890,7057130.83882
451810.32855,7056427.89851
451612.80077,7055245.08723
452683.26699,7055613.47028
453395.84685,7055330.06516
453793.01357,7054767.66344
454744.29850,7053274.25168
454654.07249,7051803.03618
456265.68503,7050337.99955
456692.59073,7048023.23460
459502.37458,7046648.30578
459073.02144,7044801.39132
460344.15668,7045511.07915
460905.46646,7046914.49110
460913.53188,7048325.84463
459617.69846,7049358.02225
461069.63791,7050722.68130
462036.36172,7051215.24157
463670.76184,7051322.46363
464860.25899,7052031.81573
466650.59924,7052494.05601
467027.67222,7052532.17230
467281.22124,7052324.42032
467781.66829,7051512.37735
469044.43826,7052065.41528
469567.57682,7051711.76532
471799.47520,7051846.15159
471865.68414,7053109.43562
472594.65230,7053314.84584
472376.41313,7053807.72848
473385.73698,7053614.60902
474258.77695,7054970.72339
476178.21917,7054691.16800
476329.05952,7055714.63951
476808.85044,7056190.50500
477240.66560,7056063.66873
476326.02500,7057335.06740
477693.19238,7058574.50300
477372.68206,7059433.79212
477633.72769,7060453.52816
478395.31955,7061217.96380
477224.74708,7062029.48073
477102.04167,7062789.80182
477714.40485,7063287.52142
476037.03460,7063905.69454
476135.35036,7064497.45653
475393.28720,7064623.87932
474955.44900,7066597.15017
474400.22086,7066660.81232
473893.98753,7067437.64858
473503.63834,7067480.77931
473791.82671,7068074.21013
472896.55008,7068355.69159
473218.17712,7068866.07899
472671.67353,7069227.33461
473237.74665,7069940.64082
473968.40116,7069883.26129
473434.56501,7070854.70080
474991.25825,7071750.00499
474031.11812,7072146.46928
474687.07379,7072949.35162
473308.69639,7073229.40977
472935.48786,7073647.55023
472300.49811,7073517.66152
472056.02156,7073971.58683
472631.33753,7074889.17975
470921.04389,7075861.30581
470358.51825,7077464.76150
470211.57087,7077763.72998
470307.40052,7077817.69722
471319.58145,7078387.41436
470845.07286,7079502.32832
471159.41910,7079965.45660
472481.49824,7079762.47570
472249.91674,7081034.17720
472962.21181,7081473.00707
472996.48611,7081499.87468
474795.17979,7082602.38745
474503.44973,7082850.23465
473876.88394,7083964.79763
474764.87226,7085430.60040
474921.55174,7085689.17049
474468.32666,7086104.70443
474443.03861,7086319.20309
474890.83997,7087413.86693
475512.45911,7087719.87048
475744.91023,7088322.72943
477631.73284,7088725.32680
478423.98099,7089515.18292
479201.94466,7091385.91342
479704.88956,7091199.69919
480656.27467,7090847.37332
481855.37841,7091129.36832
483047.85369,7092002.09035
483649.68289,7092011.13978
483645.09638,7092898.14257
485056.71411,7093333.27640
485631.55975,7092647.49811
486222.37315,7092613.25388
486359.97639,7093327.60722
487796.28428,7093340.91360
489058.83843,7093951.98897
489524.43564,7093799.57074
489831.30360,7094880.41384
490643.01562,7095621.37767
490564.98329,7096620.39451
491177.59125,7096887.45114
491636.24963,7098850.76404
492010.92603,7099026.25796
493724.43699,7097372.77482
494492.42352,7097174.79048
499957.48720,7098781.38947
500852.59363,7098266.44234
501031.56199,7098163.52544
502512.34128,7097077.58728
502729.44041,7096661.62186
502978.07971,7095118.71986
503071.83617,7095021.63896
504670.36527,7094445.90907
505526.40027,7093018.57286
506223.21730,7093366.28137
506811.92766,7094587.47783
505620.78810,7097480.46130
505818.46114,7098356.91309
506495.36188,7098404.02593
509181.33888,7096441.07121
509068.38887,7092753.77780
509987.29285,7092283.09095
510071.08196,7092299.60717
510888.29303,7092656.50649
511782.65430,7093506.33145
512068.62883,7095618.75138
513083.34648,7097467.19868
513673.73074,7097438.68393
515315.20449,7094692.33530
515811.19737,7094405.29688
516078.96064,7094250.31712
516763.61696,7094743.63122
517379.36237,7097002.52142
518804.15634,7097909.86294
519733.17000,7098560.66291
520651.06234,7099069.10235
524134.22888,7099729.99028
525330.61960,7098838.63462
525308.98181,7097140.77116
525421.83565,7096999.55970
526738.52566,7096617.70790
528118.11216,7097167.38732
528450.20398,7097856.35216
526798.98751,7101751.62963
529457.49665,7103599.81746
529812.84119,7103846.77390
530035.57774,7104190.10320
531249.05241,7106060.70024
532160.80424,7107892.92702
532713.97192,7108389.35826
534273.73498,7109227.79092
534900.27314,7109746.76279
535187.12995,7110249.30947
534276.74804,7112844.54006
535386.22044,7114118.76887
535418.34465,7114204.88019
535908.18260,7115519.28296
537172.77649,7117262.74849
540268.11746,7116441.92005
541348.51242,7116519.56609
543665.49209,7117237.96238
544334.11652,7117603.26695
544710.65330,7118090.35111
544921.32597,7119280.72688
544484.30355,7119582.90655
543287.47535,7119616.43559
541998.45736,7118906.51006
541683.87486,7118920.56320
540806.92629,7119530.14303
540860.80533,7121791.16410
542857.30695,7123816.27326
543696.35581,7123509.70707
544502.17621,7121857.61255
544538.68672,7121674.66154
545063.92567,7119862.58689
545158.52548,7119822.02117
547781.67369,7120768.89964
547842.31539,7120805.93209
548675.40105,7121314.66456
549563.25945,7120660.91984
550013.54246,7121576.57260
550627.08819,7121202.98310
551023.95451,7121214.88153
552031.87252,7121245.17360
551821.98110,7120737.30007
552422.44125,7120380.28838
552309.80666,7121519.92094
552884.08425,7121836.28869
553178.99769,7121147.09056
554062.31043,7121195.91443
554115.43672,7120072.47638
554591.84705,7120656.57408
555579.65693,7120318.24732
555682.34988,7120213.76597
555064.38764,7119779.97164
555009.06339,7119320.68449
556039.85695,7118482.86964
556657.22725,7117418.04204
557984.72675,7117347.69194
558180.72556,7117321.13049
559009.58069,7116894.02733
559045.61791,7116875.46710
559155.45433,7116881.58332
559210.02035,7117590.05097
559681.22256,7117775.59486
560060.59883,7117140.78563
562853.93447,7115276.02421
563856.10044,7113661.08414
563149.81556,7111794.59439
563283.82996,7111703.24879
563886.28764,7111911.16479
564016.60856,7111154.88092
564713.50818,7110931.92468
565895.42527,7109671.05812
566729.42858,7109231.84750
567110.85157,7109835.09206
567620.68866,7109186.87624
567770.65229,7110178.79012
566587.23415,7110210.34864
566670.22244,7110552.67537
567455.46816,7110414.02804
567332.19797,7111365.51948
566750.07048,7112143.94922
566998.94355,7113136.55957
567437.91449,7113210.25076
566803.78480,7114865.56005
567793.37137,7115174.67819
568198.11446,7116534.83130
570142.42922,7117985.10535
572343.99619,7118371.33013
573206.03468,7119386.93452
574830.36229,7118408.21789
574527.81914,7119922.23998
574893.09532,7120744.16109
576448.70307,7120062.03243
576627.16531,7118859.91057
577615.76923,7117345.79370
578157.04613,7117767.06154
579044.21101,7117735.93242
579223.64582,7117251.54801
580601.66244,7116827.30376
580721.00471,7116122.46222
581762.60889,7115304.42893
582525.86917,7116736.13395
582900.82771,7116797.43988
583811.45348,7117988.16290
584454.96103,7119375.85946
583682.53850,7119972.89243
583575.23135,7119257.66066
582888.14506,7119327.26683
582396.68879,7120269.10150
581793.48368,7120236.49953
582074.62211,7120864.01462
582867.23885,7121257.08478
583634.33122,7121046.89478
584906.60042,7121458.05245
585852.95497,7120967.08746
584788.32170,7118351.74705
585073.73925,7117560.58819
586567.63077,7119203.53896
587920.52604,7116883.43023
588197.73709,7118272.15987
588867.57950,7118064.37142
588992.74174,7117436.43977
590838.05466,7119153.06396
591578.58466,7121378.11289
591935.80862,7121255.15266
592096.49104,7119019.36120
592226.86476,7118842.17900
592360.33569,7118930.27312
592757.57578,7120099.65972
593561.58987,7120272.18309
594388.51665,7119900.69165
596077.72720,7120962.83527
596284.93202,7120940.81838
596841.00155,7120729.12241
597245.32701,7120575.20576
599413.82629,7118915.29469
599729.25149,7119617.24031
598908.53760,7121081.99775
598918.65500,7122381.36514
600220.66201,7122166.96482
600721.47280,7122630.92776
602874.19952,7122007.88667
603326.01241,7121607.88293
603610.69861,7121095.44189
603420.20204,7119397.78702
602282.69720,7117999.35720
602768.16414,7117449.72545
605262.42980,7120451.86546
604118.66672,7121588.42014
604754.22096,7121724.22321
605861.59961,7122894.68096
605932.12669,7122893.77103
606634.47142,7121861.80211
606000.33186,7121051.18863
606530.40324,7120309.77191
608538.64075,7121077.53693
609654.51973,7120866.56119
610203.85291,7120083.71798
610889.10331,7120581.49882
613512.36379,7119920.91056
612979.11450,7118967.77535
613585.52869,7118650.27138
613819.44297,7117691.32879
614516.14533,7117284.00597
615777.76668,7116664.59574
615840.98334,7116676.43404
616483.32138,7117973.25239
616790.59906,7117892.29009
616652.83096,7116345.38227
615666.36978,7115714.14868
616004.24167,7115329.73350
616966.08358,7116079.96151
617018.18140,7115980.17139
616943.09305,7114561.83721
617540.69428,7113479.38310
618398.71403,7113357.76286
619171.29056,7113989.39458
619540.11842,7111830.39870
620692.08219,7111215.91075
621175.44009,7111430.68233
621230.61604,7112570.43118
622138.62013,7110510.76586
622602.93266,7110576.21400
623156.77651,7111498.07962
622118.12100,7111836.61433
622390.10605,7112452.37829
623193.26246,7112118.36337
623522.70082,7111112.41689
624746.56469,7110511.70565
624866.77256,7110350.91649
625100.10913,7108203.86542
625931.61355,7108352.79306
626372.48042,7107931.66608
627465.48679,7107762.15121
626240.42759,7106295.19224
627042.02352,7104888.44939
627260.26541,7104735.31931
628875.25415,7106569.44559
630036.81934,7105766.89841
631035.30791,7104076.38546
632241.57754,7104142.36586
630920.93747,7102774.90425
631844.73369,7103020.60701
632471.21371,7102431.47368
632696.57313,7103086.81570
633516.00892,7102396.56943
633850.37625,7102905.03733
634583.21751,7102876.12721
634523.19878,7102229.09901
635022.27158,7101917.20862
634872.23007,7101080.33310
634975.04483,7100536.20214
635180.06615,7100403.13033
635308.01042,7100387.94725
636478.10853,7101235.34914
636210.35670,7102436.57784
636857.46734,7102433.51719
637286.27450,7101279.03262
636353.69374,7100484.06918
637709.09801,7099686.98062
638146.20395,7099858.00400
638401.35851,7100594.21382
638656.87131,7099877.84179
639256.54406,7100097.61567
639626.18413,7098338.52999
639677.97849,7098300.42874
639987.27209,7099034.70456
640592.85856,7098805.81090
641103.22900,7099455.83878
640764.54407,7098052.10850
641185.98267,7098044.34840
641829.44753,7098264.13915
641966.57128,7098354.30804
642074.73865,7099827.22946
643115.86892,7097679.91020
644327.01285,7097218.67900
645046.67921,7098052.18677
644734.39292,7098454.71840
644644.92522,7098547.94554
644661.87365,7098571.88230
645281.98131,7098566.63038
646008.48267,7098000.84376
646182.86907,7098342.95230
645565.72782,7098707.55407
645772.30903,7099779.64753
645846.38972,7099811.18700
646241.17184,7099676.41047
646907.03970,7098603.19066
646941.64882,7099383.18153
647849.46662,7098297.49685
648665.58717,7098931.07332
649406.65377,7098350.45809
649536.98355,7098858.96763
650193.79851,7098926.57627
650012.35295,7099216.60009
650766.51050,7099706.37940
650755.38424,7100164.73282
650369.09572,7100005.78258
649876.91401,7100904.72691
650497.30522,7100869.93204
651191.45843,7101872.86733
650898.55246,7102247.13627
651306.86897,7102943.31463
651209.99892,7103429.53301
651946.02805,7102828.84033
653453.49825,7104200.94344
654007.79492,7105371.36624
655524.50411,7105274.03902
655938.73817,7105188.19399
656253.27629,7104281.82504
657061.59602,7104723.00702
657745.47361,7104889.97466
657878.91432,7105182.34343
658193.78340,7105017.89610
658270.58786,7106374.80530
659247.75271,7105429.30175
659932.68598,7106625.38534
660362.26531,7106509.35961
660865.55204,7105653.55607
660927.05636,7105571.85507
661183.50716,7106034.64134
661600.68149,7106017.60764
662641.65472,7106277.37317
662901.12138,7106013.57575
662763.33161,7106797.89246
663067.48300,7106734.25002
663062.40729,7107177.35739
663357.36809,7106983.02813
663275.15470,7107363.49281
663921.75207,7107689.48096
663854.04407,7108060.71875
664244.22509,7107882.83430
664064.46013,7108071.14360
664569.20316,7108159.15045
664442.62793,7108434.65574
664867.83319,7108428.96132
665239.19537,7109069.61246
665748.90548,7108944.08321
666545.00984,7109409.33497
666505.33304,7109923.24654
668190.69762,7111060.61910
669240.53087,7111026.44733
669518.49525,7111017.47366
669651.03718,7110627.77956
670186.30455,7111028.20640
669928.57213,7111641.83955
671027.12558,7111809.36926
670777.06270,7112459.60496
670511.55375,7112297.50809
670841.94117,7112825.27056
670484.60984,7112992.33046
670449.07274,7113192.41126
670507.24395,7113453.89523
670578.37804,7113773.43815
671338.10368,7114464.64718
671760.46757,7114431.84878
672324.08428,7113973.03626
672623.13190,7114090.33695
672528.53804,7114500.61192
673065.93397,7114337.47749
673443.35547,7114400.99840
673147.24383,7114694.05379
673545.91509,7115175.30057
673363.88230,7115716.53185
674404.80791,7115614.40930
674454.96893,7115646.76171
674329.47038,7116035.70633
674710.69879,7116250.41204
674542.55680,7116917.66042
674761.34629,7117580.18875
675826.46113,7118236.75474
676407.28485,7118975.41459
676311.83368,7119644.50530
676658.92482,7119705.79968
677572.34596,7119667.15583
678365.86537,7120426.29745
679005.48019,7120254.82599
679379.53927,7121080.65608
680573.55709,7121298.17864
680966.83218,7121572.47637
680953.75610,7122084.24527
682032.68793,7122042.97764
682635.71992,7122826.66734
683447.97269,7122891.28590
683943.38601,7122161.65188
685029.55633,7121903.50884
685349.19519,7121458.20023
685473.42413,7121893.00014
685865.07405,7121752.34852
686020.25664,7121259.59048
687203.34856,7122478.40061
687257.95571,7122587.77581
687001.66030,7122936.38225
687622.37885,7123377.13737
688875.50173,7122358.83848
689470.16259,7123032.85316
690194.12630,7121936.84705
690666.26386,7121811.89748
690827.69097,7121825.36191
691077.54764,7122543.58274
692474.29153,7122187.31539
693070.16512,7122913.42659
693293.33982,7121826.95371
694623.87820,7120581.66243
694970.16105,7120934.44197
695486.94244,7120725.16937
696081.91450,7122389.78441
697209.89614,7122382.04951
698058.18539,7121143.62507
698115.76545,7121098.27378
699446.70369,7121048.01223
699848.45429,7121554.93310
700351.87649,7121461.62166
701289.78994,7122248.84716
701760.73319,7122246.63453
701540.62622,7122672.41276
702153.36423,7122981.20249
702357.08142,7123925.66066
703393.89928,7124176.61049
704017.90493,7124465.29221
704026.97197,7123719.55351
704467.34071,7123492.67809
705138.23163,7123787.40659
704146.19850,7124815.46577
718277.38901,7124439.56217
729160.61534,7124150.05211
732196.42911,7124344.48665
732656.12955,7124719.96545
733319.50837,7124522.62703
733960.53928,7125084.08288
734063.59572,7125692.91888
735952.94214,7127060.79333
736464.52248,7126283.70487
736305.79522,7125828.74680
736990.97690,7125446.25213
736911.95334,7124636.86545
737893.28966,7124646.46397
738211.13597,7124960.48589
738205.21852,7124126.36876
738902.14994,7124212.03217
739243.54140,7123869.26875
739173.58866,7124390.20662
740107.51918,7124238.21390
740298.62446,7124621.91243
740826.06129,7124628.53477
740244.78272,7122207.50415
739408.95700,7115863.93573
739438.74951,7114707.48727
740122.36851,7114022.64781
740274.67976,7108276.50427
741800.60657,7103752.24839
743078.62544,7103128.75140
743572.65787,7103127.02997
746126.12043,7103118.28571
746867.45987,7103800.34140
747647.84862,7103105.43354
747179.60192,7099861.10456
748172.22272,7097218.96873
749505.78421,7096827.02318
749671.00752,7097489.57470
750163.63966,7097841.84880
750501.70600,7097602.98046
749923.40909,7095984.75834
749162.70166,7095426.31812
746418.40365,7090535.40153
744213.28586,7085848.72998
742987.03763,7082014.75835
740172.23503,7077010.11614
739487.86748,7074356.99112
739701.73483,7072178.47606
739944.69718,7071793.19244
737825.90783,7069075.87078
735940.65282,7065615.87784
734026.54134,7061504.83866
733115.32769,7059002.66811
732846.06946,7058526.67161
732576.78743,7058630.97923
732715.20493,7058296.59320
731360.46143,7054236.64785
730189.87913,7048075.96415
730173.35759,7046015.39922
730948.70120,7044848.78076
730631.39043,7042640.09224
731086.87095,7039037.69411
731562.94195,7037748.23252
732511.34710,7036835.78393
733433.05760,7036716.31983
733948.02566,7037773.69864
734615.27822,7037330.77290
735362.91457,7035712.42626
736594.25428,7034696.68096
737994.03811,7034684.72823
738709.09937,7036557.87728
739059.97064,7035300.74618
740075.13540,7035277.08971
739808.67445,7034474.60220
740147.65334,7033942.85899
739438.70250,7033793.24424
738987.33483,7033193.60501
738266.71661,7030455.70088
736446.70866,7030542.77361
735706.94905,7029553.47077
734655.13129,7025828.76081
734072.38048,7022264.75319
734330.30412,7020945.23264
734275.16183,7020222.23786
735228.57330,7019239.55532
736195.63998,7019558.05518
735589.91584,7018325.86796
735543.11482,7015788.54874
735873.54446,7015627.01563
735539.93736,7015195.10463
735636.31587,7014477.50907
734910.57488,7014427.67268
734786.47739,7013758.09843
736055.98737,7011355.43113
737084.45946,7010806.49424
738105.99304,7010913.28812
737934.10409,7011785.83322
738449.96409,7012018.14778
739222.91841,7011577.45754
739430.39253,7012157.46781
740121.92800,7011883.85744
739891.38781,7011410.19906
740424.96780,7010188.66626
741401.22453,7010357.18719
740734.14338,7009258.85694
740954.11619,7008565.71646
740184.09885,7008412.92117
740215.00076,7006859.98272
739469.17624,7006235.62872
739254.40133,7004493.00214
738806.64535,7004421.08128
738600.25132,7003219.65226
738818.68280,7002395.75981
739256.15458,7002316.08549
738488.90290,7001743.25904
738500.52900,7001178.20836
738269.97554,7001341.36173
737659.50794,7000665.53725
737546.13268,7001053.61005
737145.00061,7000986.97335
736727.49925,7000183.12129
737638.48202,6997429.07086
739389.30183,6995113.07967
741153.73937,6993946.52722
741901.89915,6994237.29518
742315.51766,6993667.22267
742855.64713,6993730.40521
744443.10173,6994761.62352
744020.77018,6995281.19092
745235.34571,6996637.02554
745176.86267,6997102.05817
744806.75975,6996846.40811
745031.86604,6997390.23821
745698.84060,6997972.03997
746263.28763,6997626.41010
747126.13025,6998774.46171
747443.81863,6998353.57170
746541.80553,6996438.81129
747575.27407,6994928.75066
748686.61416,6994581.32897
749302.34216,6994534.93699
749704.65883,6994908.07106
749860.73661,6996060.19952
750186.75074,6994758.80794
751178.68152,6994939.24085
750092.95623,6993800.95909
749420.24422,6993840.83820
749250.31723,6993087.77719
748729.71420,6992785.40317
748010.55831,6992568.34028
747637.58505,6990694.89547
748096.33702,6988997.35238
748490.82226,6988600.36660
748827.35573,6988725.49447
749174.24146,6988980.40135
749926.62821,6988727.11093
749565.92937,6988017.56252
748851.58697,6987712.54873
748213.37783,6987554.19993
747793.42391,6986979.82671
747245.70151,6987228.02192
745872.31716,6986641.31099
745837.85844,6987084.75717
747328.87686,6988143.12554
747585.22687,6988833.96014
746191.53470,6990575.40069
744700.50873,6991054.22675
742938.93953,6990440.19801
742231.54174,6989468.53137
740504.74201,6988729.55934
739733.43834,6987761.41642
739345.23980,6987976.13513
737862.82475,6987021.38123
737338.27729,6986965.04165
736993.46580,6986928.00261
736301.82932,6983734.67072
735980.86587,6983476.76066
736021.05378,6980901.75568
736924.23130,6977960.17489
737864.93804,6976198.35079
738869.13108,6975733.47390
739353.21476,6976609.06820
740140.90747,6976388.27341
740517.85392,6977022.72042
740967.30769,6977076.62810
740988.61614,6976343.11547
741383.72401,6976298.68789
741502.92342,6976629.56997
741981.43572,6976432.99156
742102.86896,6977471.92169
742609.49349,6977284.99466
743079.75873,6978195.23481
743454.66817,6978100.08302
743517.02843,6975212.20494
744104.75628,6974247.65014
744964.01061,6974114.60530
744533.92695,6973427.65278
744697.23476,6973054.78868
743953.10640,6972510.20223
743992.95585,6971750.39518
743602.89770,6971557.34729
744159.93003,6969661.24360
744658.33294,6969458.90051
743738.95645,6968660.52301
743801.36561,6969034.11642
742853.93588,6969900.11990
743054.98878,6970279.91115
742596.64026,6970709.44350
741683.20634,6970546.80766
740819.23681,6967717.94245
740959.01385,6966659.63099
741419.91958,6966455.89780
740470.15443,6965926.45399
740548.84529,6965325.34155
741050.77492,6965237.13309
740554.69879,6964289.02241
740170.29661,6963850.39536
739710.68098,6963910.15394
739242.80579,6963162.12019
738313.15844,6963318.71178
737735.59560,6964133.85681
736612.72750,6964302.76308
734629.21600,6963219.54765
734400.17452,6961993.50483
733471.58576,6960662.44383
733139.37960,6958405.18154
732473.75951,6957849.87202
733885.07990,6954122.94878
733929.26172,6952629.54679
735791.50841,6950654.51916
735272.47137,6949412.70172
736871.07991,6947777.14706
739252.82772,6947044.09720
739008.74544,6946400.20570
740103.29269,6945204.76720
739274.40090,6944506.07190
739580.92414,6944175.26869
739291.65034,6943527.06715
738319.83028,6943211.58909
737994.47884,6942614.85346
736991.59093,6943028.99314
737122.57651,6944425.19142
736277.76082,6944676.25629
734883.37808,6944466.33829
734112.77176,6943852.89119
734364.69277,6943410.38038
733881.21818,6942478.26939
734008.61619,6940798.21821
733331.78911,6940299.16377
732703.30056,6941039.32353
731938.69280,6940438.58828
730926.16853,6939637.25653
733178.55253,6937395.20010
732674.12516,6935393.28134
734004.10404,6934986.18611
732632.83601,6933523.22581
733188.73334,6932482.43982
732820.66432,6930440.33808
733265.47456,6929232.28315
735029.61928,6928191.17017
734997.28128,6926114.25343
733543.10961,6925696.13987
733087.05780,6923777.38266
733764.92984,6923296.19918
734886.96321,6923958.15746
734282.79411,6920829.32829
737408.77092,6920000.75201
738747.31038,6917600.34243
738261.89700,6916680.20538
738278.55504,6917195.31096
737674.75525,6917310.75887
736540.33736,6916726.30220
736074.60818,6915103.74088
736292.07978,6913937.42649
737066.95734,6913163.07614
737462.67941,6913586.30157
738420.73299,6913404.21883
738757.54367,6914014.25418
738821.56457,6912599.22359
737863.20588,6910853.20576
737517.41635,6910901.14769
736255.78410,6909729.99976
734823.92226,6907837.08987
734218.59219,6906677.82137
733805.16488,6905885.90721
733685.86755,6905058.85334
734169.74067,6904616.17109
733653.93538,6903589.11141
732971.57351,6901113.29524
733019.24735,6899287.40182
734250.22588,6897887.08368
735045.87026,6898624.85139
736069.23073,6897054.78084
735928.09000,6896571.19500
735453.73345,6896659.62131
734938.46544,6895969.66963
735182.29044,6894662.39518
734900.60686,6893558.26903
734126.95198,6893121.22991
733706.02751,6892133.42527
733198.41519,6892146.63356
733060.14203,6891330.07549
732717.49835,6891234.22675
732778.42692,6890490.65759
732106.29068,6888940.56361
732173.06874,6888612.34643
732765.39489,6888548.36349
732382.14615,6887999.61989
732229.62725,6887512.16298
732724.47872,6887328.14440
732578.56883,6886972.87025
731891.03931,6886939.07057
731488.07890,6885878.08997
731491.04799,6885475.50503
732128.81064,6885096.05656
731104.53873,6884555.31253
730997.28928,6883920.46295
730387.14827,6883375.79134
729377.16479,6880425.16711
729448.27758,6879491.06012
729895.82218,6879318.08368
729907.08576,6878905.54582
729102.22654,6877914.48694
729400.48948,6877431.12549
728911.85429,6876680.98310
729457.07652,6875010.03682
730184.91648,6874690.12896
730576.79520,6875347.91920
730948.02484,6874623.14103
727882.23633,6872128.17273
725383.85853,6867597.10030
724498.03426,6864319.03129
724858.08804,6863326.61698
725625.43950,6863243.84513
725031.34482,6862685.78438
724716.48986,6862814.03895
722722.54289,6860348.07231
721342.65599,6857862.90624
720608.82949,6854927.86261
720724.06820,6854136.01301
721457.78061,6853826.59532
720502.08685,6853171.36269
719389.08566,6851540.76770
718621.44542,6849265.38626
718971.06117,6846093.37654
720543.22938,6845859.96703
720408.84649,6845242.01884
720954.63698,6844934.66156
720901.25396,6844425.32373
720420.74067,6844484.30783
719456.23263,6843248.13571
719345.42936,6842544.61602
719665.87649,6842286.60762
719406.43549,6841115.25926
719082.27783,6841273.51921
717671.46827,6840357.74860
716588.37085,6838770.53491
716988.81915,6838234.37563
716794.40370,6837694.50574
716046.97615,6837820.38713
714117.48748,6835971.71047
713671.24253,6834655.41475
714167.00692,6833747.24922
713316.62464,6833274.05755
712527.58560,6833550.77883
711707.41206,6833008.93015
710906.64247,6833140.55148
709716.71768,6832721.61345
704448.94060,6830298.72364
695749.66815,6825272.94160
687319.85725,6819892.17290
677229.96227,6812775.92739
666655.15784,6803763.55089
664226.02001,6801476.92604
662729.95265,6800148.68020
658140.01220,6795791.07659
653778.44941,6791354.48491
645258.55903,6781579.91369
644619.62948,6780785.17470
631698.78550,6764711.98369
625056.73857,6755260.94323
625095.78030,6755212.45793
623343.58142,6754862.46005
622699.18243,6755275.21534
621880.83025,6754958.57665
621859.21907,6755006.03207
622014.26429,6755810.39686
623290.53626,6756121.17370
622979.55501,6756473.30386
622735.75033,6756896.61147
622532.81338,6756437.74286
622032.92810,6756917.26660
622060.55976,6757153.60959
622315.24782,6757357.43402
622320.01565,6758013.42959
621681.91866,6758321.96610
621528.84787,6758370.95009
619776.94702,6758168.60947
619501.59602,6758231.84484
617614.51636,6759574.77218
617335.19240,6759722.74174
616977.38522,6759343.72501
615621.28965,6759622.98122
615410.50375,6759961.30938
614852.05569,6759699.54714
614494.59519,6760043.12395
613849.38424,6760704.11620
613558.36964,6760785.92259
612589.27220,6760693.01667
611970.77474,6761181.43090
612400.43441,6761321.56705
612501.25622,6762548.87776
611287.57999,6762972.71448
611711.68633,6763792.98979
611857.19363,6764089.72508
611331.04747,6764227.03114
611055.54676,6764573.50334
611084.08608,6765609.46666
609924.54184,6766603.81570
609170.40291,6766559.84046
608830.43646,6767056.81142
606794.73999,6767656.36744
605593.80164,6768479.55116
604095.44119,6768547.86788
603862.06450,6768952.65281
602967.67962,6768927.26893
602389.42851,6769333.34319
602297.98716,6769397.48126
600853.43451,6769486.33946
600076.04727,6768933.91481
599785.63471,6767886.44061
598503.53978,6766950.19647
597135.33420,6766409.22700
596493.11841,6766615.52944
593811.43313,6765704.85002
593077.14327,6764949.93517
590965.89167,6764711.78603
590779.30750,6764012.14950
590448.51726,6764331.23883
588429.68927,6763456.42520
586784.96105,6763479.23874
586622.86644,6763081.37347
586021.50229,6762953.91639
586605.00085,6760560.70634
587228.81482,6760224.67747
588104.28944,6758769.53914
589934.99649,6757341.73717
590974.45861,6757063.66363
593640.50071,6753111.35972
593441.64833,6752700.68110
592241.29808,6754027.82876
590773.29314,6753819.55185
591334.65886,6754320.07494
591490.15424,6755324.56943
590001.09874,6755317.29673
590632.76779,6755976.43579
590161.88636,6755823.13964
590039.41110,6756138.23261
589448.92958,6756132.80345
589415.98409,6756138.57275
588709.62345,6755840.36668
588899.30453,6756580.55065
588379.65180,6757221.09416
587257.82824,6757259.19363
586522.35675,6757818.65691
586861.11301,6758366.49289
586808.84224,6758478.25689
585628.60345,6758704.33755
585831.42985,6759327.25343
585288.54133,6759766.29912
585140.92865,6760456.61136
584381.28146,6759971.20244
584567.42995,6758090.73248
584021.35928,6758451.40616
583648.02041,6759274.73547
583265.53183,6759316.97329
583356.23439,6759749.54213
582905.68900,6759778.66118
582800.20064,6759766.16361
583030.15181,6760286.98241
582513.24037,6760135.39698
582667.26679,6760402.68222
583064.58295,6761092.28189
583090.32852,6761125.58279
582984.25803,6762981.57359
583032.97375,6763125.45428
583708.87032,6763441.72658
582514.60945,6763107.52356
582565.12241,6764028.56037
581916.75186,6763733.87623
582046.20275,6764130.09937
580997.66773,6764256.17021
583450.00780,6765223.73638
583679.96904,6765720.74935
583349.59356,6766192.38254
582570.24215,6766299.29135
583030.72340,6766616.39683
582835.24541,6767322.31191
584247.42379,6767769.01781
584196.32231,6768546.37650
583540.22493,6769324.36301
582500.02530,6769069.44111
582388.96835,6769340.95268
583687.73238,6770348.16217
583829.79558,6769590.51743
585236.40147,6769739.96873
584594.20196,6769318.10535
585930.81820,6768883.68913
585990.96675,6768479.92296
588088.98572,6768024.12277
587338.34273,6766716.12845
586443.50943,6766959.43475
586357.99234,6766869.58881
586631.83338,6766130.87578
586387.44370,6765340.81396
588130.43533,6766885.17271
587596.75951,6765454.73280
588061.46693,6765325.75070
589031.38084,6766392.05469
588636.41897,6766953.18374
588898.52318,6767757.34584
588148.37004,6767168.82982
588763.02273,6769183.59763
588801.82873,6769558.10874
588199.52057,6769597.16178
588894.13373,6770198.85356
588162.39431,6769993.31462
588603.27527,6771190.36450
588350.58148,6771639.92957
587749.67856,6771651.27287
588062.55754,6772043.46711
587624.12019,6772513.06670
587906.30562,6773249.96171
587581.84839,6773525.19603
589271.85303,6773890.25438
589442.03590,6774380.54628
590402.75876,6774154.23300
589673.53431,6774177.70660
589761.78119,6773772.46842
588261.98362,6773097.99742
588465.45668,6772207.45958
589521.11581,6772155.89583
588851.87917,6771835.37351
589825.54813,6771368.35923
589532.15554,6771062.61323
589759.61010,6770615.58831
591135.77680,6771846.12544
591320.36601,6772023.14724
590824.92554,6770424.84888
591788.11611,6771258.84032
592182.74031,6770969.43204
593120.05180,6771235.28165
593866.26157,6772002.81574
594284.01699,6771586.32719
595589.74709,6771505.29173
595137.11264,6771779.17396
595293.57035,6772238.72112
594510.37357,6772656.18256
594772.49357,6773355.59796
595256.78781,6773098.61429
595392.17214,6773283.83213
595385.29979,6774503.14869
596300.10899,6774167.38586
596271.51383,6774766.28412
596756.81338,6774876.75409
596709.32892,6776665.37047
595920.79067,6777389.38438
597571.52895,6776827.16058
598227.36250,6777316.56874
598136.70705,6776625.42134
598557.28596,6776439.36709
598809.83134,6777165.68337
598163.90685,6778360.03245
598127.48237,6778427.47784
598857.70546,6778537.67115
599006.92539,6778255.28986
600358.48328,6778651.09442
600305.20828,6778160.63332
600910.67588,6778488.54936
600770.08218,6778855.59075
600435.96559,6778757.56409
600232.64262,6779964.94754
600278.16197,6780313.48298
600928.31287,6780438.07051
600508.27945,6780995.35963
600494.24465,6782259.38105
601755.85733,6782076.71066
601804.34486,6783097.93514
601206.25097,6783700.10261
601594.11033,6783938.12049
602384.98652,6783819.13899
602004.92807,6784566.59453
602942.15590,6784366.70511
603189.44725,6785203.42365
602599.15230,6785378.99602
601558.68173,6784664.95778
601549.62560,6784216.15890
600837.71194,6784387.76190
600453.87402,6784015.78658
600470.93243,6784398.12044
598562.98787,6783920.97617
598763.54415,6783636.59193
598443.45996,6783192.86901
598169.67227,6783811.59893
596611.29768,6783603.94767
601331.38554,6786081.47336
601392.16374,6786722.01021
601908.37019,6787198.05436
601707.77685,6787617.77491
602640.70172,6787858.40330
602533.04692,6788453.86725
603364.99885,6788921.51884
603289.23180,6789344.39157
602533.46383,6789553.01818
602348.25245,6789210.96952
600814.06319,6789066.86814
601729.00412,6790218.16511
601518.74881,6790369.03270
602132.43391,6791605.51033
602664.37658,6791986.18219
603064.98993,6791393.54832
602989.28850,6793378.81765
603418.93956,6793893.83783
603751.63636,6793218.16107
605168.54302,6793881.53151
605061.23808,6794019.36306
603825.87202,6794361.58394
603500.15271,6795368.55248
601694.67437,6795782.09886
601741.34727,6798110.84510
602838.93609,6798033.88570
602532.08555,6799639.20301
602941.94786,6799996.11651
601161.55713,6799909.11464
600828.29480,6800179.88077
601763.57150,6801451.45626
601493.07650,6801672.00727
602558.27498,6802557.50419
602516.25968,6803567.53223
602499.93419,6803959.50975
603084.73316,6804280.36470
603204.45865,6804773.47413
603764.27364,6804540.56581
603753.78092,6805231.00146
604443.75424,6805774.49720
603512.91719,6805699.01974
602413.88054,6804893.28269
602497.64206,6806038.94858
600777.87000,6805533.32357
601004.46695,6806190.03924
601981.75538,6806689.39792
602017.42259,6807421.92624
602568.90125,6807411.44986
602864.40891,6808257.03505
601568.48547,6807883.72744
602038.05262,6810790.92193
601151.27172,6810769.08653
601090.29707,6811258.34051
601509.96085,6813574.69961
602768.13437,6813016.57012
602707.30806,6813887.28676
602151.30687,6813973.42371
601830.75464,6814659.64451
602208.20131,6815474.02121
601614.67043,6816009.07326
602075.98199,6816294.44812
601859.08877,6816847.73956
602322.35714,6817107.63385
602164.19979,6818123.15376
602564.51032,6818246.99337
602560.58445,6818275.43764
602933.85912,6818193.67965
602887.29818,6818540.85595
603791.98189,6818234.21668
604662.98046,6818549.96211
604632.07982,6819040.34784
605261.21429,6819651.12714
604385.72647,6820278.58661
603972.23333,6821661.37477
604945.67338,6822669.75159
605020.74805,6822687.38838
606096.06658,6823025.38681
607049.79839,6823958.98209
606923.90235,6823296.09357
607661.78197,6822362.32315
607981.11444,6821997.14505
608903.39413,6822698.67904
609171.69473,6822496.12541
608212.72190,6820347.05668
608648.16762,6820231.63392
608520.86817,6819561.62937
609787.72398,6819749.53052
609356.35689,6820705.44515
610407.65507,6822092.47938
609928.27710,6822233.55883
610398.98638,6823885.08196
610179.07076,6824218.02125
611319.55287,6824702.64689
611041.15462,6824371.67656
612686.18261,6824090.08771
612982.76430,6823214.06279
613212.66903,6823075.68689
613529.66960,6823410.10924
613620.04024,6823602.71464
613209.76970,6823829.65434
613398.91242,6824439.70078
614093.86838,6825242.29022
615166.38881,6825371.88279
614973.73502,6825976.34785
613924.34850,6825972.40169
613790.37928,6826979.43278
613336.14671,6827205.99966
613569.09698,6828328.54213
614378.75598,6828138.13342
615059.25341,6828883.53268
616025.09508,6829258.54114
616195.87972,6829736.77365
615481.37197,6829750.82188
615844.69428,6830244.45086
615598.34574,6831243.19726
616398.90159,6831772.52006
616508.90051,6832416.79968
617041.12796,6832489.38548
617791.29366,6833837.91978
618247.10395,6834130.04353
618488.38064,6834231.79324
619027.90755,6834459.35376
618772.65843,6833202.76999
619170.15163,6832357.14390
620036.20328,6832596.77220
621407.92183,6833945.70901
621738.93325,6832466.61847
624323.17046,6833069.13213
625562.82510,6832976.80006
626410.67722,6832627.58249
626258.40374,6832256.43148
626622.71966,6832360.34779
627694.56462,6832790.00176
627911.14029,6833519.84205
627211.73720,6834885.87467
626144.96755,6835118.47342
625936.24332,6836431.73966
626336.32063,6837506.44295
626068.00988,6838437.42777
626015.36097,6838587.49993
625192.62658,6838202.10800
624660.24943,6838983.56865
624207.69490,6840977.67055
622576.74512,6841475.66947
622388.25315,6841701.81595
622623.98523,6842949.64058
624443.39358,6844693.24573
622962.85646,6845838.53555
622786.49233,6846196.08323
623289.13380,6846623.65619
623168.00589,6846935.72017
622836.82746,6847384.92313
622766.10849,6847409.30186
621108.24867,6846526.91783
620369.40714,6847411.78546
620321.48714,6847504.09417
620846.42282,6848675.84179
620901.17060,6851189.38604
620649.02819,6851241.31511
620536.04229,6851213.04726
620132.82761,6850423.99603
619258.47850,6849875.09626
619586.11090,6849463.40817
618846.36883,6848107.56381
619306.86418,6847442.29217
619079.34224,6847206.11517
618349.21729,6847320.36204
617924.19759,6848094.78442
617185.27680,6848593.23979
616511.60449,6850361.00601
615820.98871,6850255.51191
615902.68217,6849219.61433
616386.03554,6848611.76942
614935.15703,6849245.70334
613555.31009,6847265.18130
613007.81123,6847596.16990
613425.45315,6848542.34114
613327.59908,6848620.44936
611028.60214,6848246.29292
610950.73896,6848279.99291
610668.83302,6849023.29168
611205.03606,6849755.76398
611265.20993,6851016.49655
609918.24891,6851907.83899
611930.63371,6852738.49965
612066.70627,6852895.47171
611826.15984,6853112.56700
610361.88385,6853300.50092
609372.03355,6852715.45832
608580.60834,6853371.26417
608196.03241,6853308.50693
608071.97437,6853151.01256
608815.52485,6851538.18338
608497.62740,6851281.43762
607836.89360,6850977.26185
607369.41352,6850970.91928
604987.17384,6852291.67464
604600.06248,6852083.82748
603979.35440,6851542.67305
604697.11561,6850973.95418
604829.15083,6850172.59794
603416.89547,6848937.31375
602737.35517,6850632.32744
602676.64242,6852420.64459
602597.72864,6852461.19057
602028.32059,6852516.49343
601135.81304,6851987.91881
600715.29565,6853712.38640
599844.34389,6853588.93593
599038.85840,6852982.67472
599125.19504,6851861.23278
597666.35597,6851720.71240
596539.68025,6852387.48284
596098.14255,6852283.77492
595585.09522,6851717.12154
595274.69410,6850008.43603
594346.85356,6849469.46204
594246.91043,6849411.38625
591833.34752,6849684.06272
591163.45304,6849427.20784
590789.92345,6849283.93748
589436.11902,6850063.95891
588092.37899,6848697.17061
587337.58701,6850052.21911
585796.71553,6849862.68358
585608.25782,6849997.25919
585527.72199,6850698.60103
585538.63027,6851114.03824
586553.02438,6852054.17327
586993.00874,6853143.59654
586997.99609,6853155.90116
586818.39905,6853520.08475
585690.73127,6854792.49530
585519.91102,6854913.24215
585184.23770,6854683.37314
585199.07151,6854654.21279
585400.55123,6853918.20919
583659.40395,6853027.48101
583636.79699,6852847.22992
583589.79281,6852824.20449
583438.74501,6851577.62787
582418.07750,6851636.37320
582296.67236,6851532.61401
582295.72800,6851378.18446
583632.47639,6849600.14967
584219.80152,6847736.18181
582508.37060,6847362.20331
582050.14109,6847658.83712
581782.12270,6849966.02004
580772.64139,6852041.72206
580586.96387,6852353.15845
579913.66224,6852357.75012
579416.17240,6852348.96149
579207.48310,6852537.02538
578259.82232,6853296.88654
578020.54060,6853323.49582
576712.87087,6851517.75510
576063.31313,6851244.83564
574940.69530,6851810.96225
573942.57528,6854850.44040
573738.82568,6855005.19590
572103.78099,6853494.66786
572171.43815,6853211.73334
572203.98002,6853137.85697
573268.94861,6852830.75124
572862.96242,6852634.15320
571315.41790,6851973.06430
569727.18809,6852452.03349
569286.01246,6852599.19168
569280.17617,6852601.16490
568965.31068,6853092.58934
568467.37225,6853802.89831
566935.41978,6854271.02813
565785.82248,6854496.90302
564855.42443,6853977.34931
564703.10301,6853831.08262
564935.72116,6851871.58055
564167.92550,6851356.46347
564051.83649,6851288.77546
563523.22157,6852134.23351
563820.22043,6855128.69774
562958.43016,6855990.72439
562744.52985,6855975.52403
561694.36660,6855595.24635
561642.64317,6855495.52977
560873.76705,6853293.06663
560742.21858,6853223.30266
559900.61284,6853437.37728
559085.64383,6854682.97973
556488.92101,6854841.10231
555453.18647,6854904.18913
554257.85953,6855680.77934
553293.86813,6857145.51356
551831.20373,6856714.42794
549051.77261,6856966.51826
548996.60715,6856989.30516
547569.13565,6857869.72003
547267.60388,6857907.03090
546279.38806,6857930.98613
546226.39200,6857898.81994
545931.59025,6857506.65126
546161.17782,6855470.70332
546129.76346,6855458.63991
545358.48747,6855163.37464
544649.11070,6855384.45783
544105.21497,6856155.45488
542816.54491,6856786.21072
541461.70982,6859105.39250
540009.61513,6860384.77331
539883.40293,6860413.29695
539316.62308,6860418.67704
538085.38075,6859147.06320
537978.23901,6859154.08667
536729.21776,6859362.28739
535993.28653,6860726.12614
536423.58343,6862403.06103
534455.49193,6864368.02359
532842.45405,6865298.82764
533392.09198,6867056.12147
533342.76337,6867138.27079
531956.39649,6869111.99801
531280.37476,6869758.40376
529951.53959,6870793.99177
529732.99690,6872757.47307
529700.27885,6873051.64959
529593.58728,6873192.73227
528268.74507,6873327.48945
524586.22084,6875327.26828
524323.82662,6875469.79358
524290.83231,6877215.33288
523690.35136,6879512.09905
523570.14860,6880327.61776
523413.07138,6881393.23087
522968.19171,6881833.83326
521798.74772,6880563.26987
520741.55631,6880789.03082
520705.92142,6881772.35434
521341.78727,6883248.84262
520461.32486,6885141.76045
521130.35536,6886642.63046
520964.87268,6886889.09827
520392.22460,6887326.28441
517824.78838,6887207.22666
517724.02522,6887315.10929
516849.22364,6889568.28772
516309.84769,6889561.68423
514050.68630,6887560.95755
513565.00014,6887336.05686
512845.93637,6887522.74751
512509.09433,6887865.50361
512304.78058,6888497.67516
512840.48545,6890661.27888
512178.33370,6892277.78955
511634.56182,6892724.92024
509641.76085,6893121.49901
509475.75416,6893154.55781
509875.32185,6894123.31830
511604.40101,6895240.54688
512245.45982,6896658.46641
512090.43674,6898197.59062
512056.16191,6898537.92491
511753.25661,6898969.91706
510501.30389,6900482.62765
507589.17424,6901490.12826
507825.98913,6902556.96290
506942.53782,6903818.38397
507418.72153,6904890.37434
506992.58451,6906207.59728
505380.30385,6906213.60278
502710.44047,6907646.49534
502001.72105,6908541.45229
501486.23057,6909177.93038
501281.82621,6909166.81561
500744.59369,6908877.58670
500658.78481,6908784.47960
499885.17762,6906845.56835
498964.66494,6906878.63710
498608.60513,6907188.03424
498104.97500,6907732.24195
497992.63672,6908642.51721
498269.27403,6911017.75342
498215.66352,6911120.11991
496191.99821,6912410.39481
494465.02585,6913696.00524
494341.18484,6913999.80787
494559.54847,6915302.17965
494868.73036,6917146.17499
494669.14355,6917390.59127
492840.75963,6917663.32411
492139.97397,6918453.59873
492399.48721,6920359.09736
491919.91301,6921075.27525
490754.62965,6921638.15643
490092.80504,6921805.27112
487735.71478,6921283.31425
487582.54664,6921348.69926
487048.68485,6921619.04309
486915.72081,6923919.71953
486849.51329,6924219.07336
486837.47055,6924273.21595
486546.71238,6924464.90354
484431.04390,6924574.99294
482412.33702,6926494.26817
481204.03799,6927452.98065
479379.67671,6927482.38923
478107.26518,6928258.15603
477512.96760,6927850.16390
476950.92674,6927252.53523
476855.99601,6927262.50875
476703.60818,6927278.58696
476205.25186,6927606.67770
475604.76307,6929414.53197
472996.10037,6930501.20227
473092.88961,6932038.57492
472793.56621,6933331.57950
471063.44305,6933163.21074
469564.78189,6933839.94290
469565.78052,6934644.58647
470229.15528,6935693.73658
469315.65447,6936607.89461
469142.90023,6937995.55878
468987.04738,6938540.56238
468781.78143,6938778.13678
468264.27704,6939010.52907
467308.01780,6939171.91284
465062.51776,6938239.34422
463547.85386,6939015.39150
462797.06634,6940156.57373
463470.68441,6942891.64411
462990.87082,6943462.49042
462035.71571,6944347.98025
461849.42272,6944385.80041
461553.93076,6944313.08665
460726.83784,6943915.98043
460317.09699,6943594.09153
459841.25607,6943037.44063
459443.35374,6941981.50545
458644.71957,6941048.32915
458506.55355,6940940.74809
457323.45319,6940923.92404
457063.93534,6941131.42037
456895.26528,6941471.42238
457027.03867,6943352.20082
455456.99204,6945483.32122
454867.97205,6946094.90210
454717.92124,6946250.81347
453574.45225,6946640.04155
453087.24137,6947185.24539
452835.16310,6950314.28668
452707.56263,6950437.98247
451595.41436,6951417.32510
449817.56680,6951758.05149
447301.04622,6951045.23015
445884.95872,6951382.35421
445570.00747,6951220.55041
445311.03122,6951010.34046
445151.57309,6950562.93044
445125.08245,6950398.21987
444727.57161,6948890.66953
444487.43642,6948723.66582
444190.77828,6948681.69746
443836.87084,6948735.98660
443269.67974,6949203.26673
442944.96754,6949542.41815
442799.28890,6949694.57559
442151.15823,6950814.99636
442103.90668,6951279.10274
442754.00718,6953700.48601
442838.42096,6954884.40742
442701.87236,6955311.47959
442505.05235,6955432.62420
441342.84140,6955225.44522
440000.78422,6953402.52160
438512.10992,6952872.95460
437606.23313,6953773.64963
438786.14141,6957901.27920
438592.26522,6958541.72351
438564.66470,6958595.71081
437609.86154,6959205.25872
436521.22172,6958883.38283
436177.24778,6956585.42084
435911.57995,6956146.22696
435290.20057,6955779.24963
435123.56874,6955768.52184
434386.85854,6956075.75521
433876.75210,6956357.92205
433181.01552,6957249.46202
433266.14136,6957690.31987
433522.63922,6958864.08542
433294.13943,6959348.41004
432120.16991,6960255.71526
431143.27877,6960248.52003
430935.80905,6960115.28519
430514.18382,6959844.48952
429355.45634,6957516.52659
429223.88705,6956899.17344
429046.42529,6956700.10356
428471.52460,6956469.23896
428181.79287,6956545.48847
426689.17976,6958243.44992
425739.11555,6959214.35790
425576.01439,6959347.44070
425571.51900,6959351.10600
422541.25814,6958799.81540
421135.75660,6958909.63876
421091.90253,6958816.05674
420817.20558,6957618.24755
421012.15056,6957053.39543
421906.80772,6956223.55009
422389.26394,6955526.86446
422256.32933,6954768.51136
421448.06845,6954569.36801
421212.14850,6954595.33185
418918.13319,6956490.56596
418760.35017,6956456.56420
417249.32576,6955562.64665
416322.42630,6955014.20459
415948.44790,6955414.33059
415629.78523,6955841.96798
416748.85253,6959414.57755
416678.48008,6959678.33977
416560.47416,6959968.39566
415298.59129,6960568.57826
415194.11574,6960562.84101
413642.49034,6959986.27372
413433.83694,6959727.88536
413112.56312,6959155.52544
413760.51385,6956371.53351
413373.01405,6955759.41265
412253.13820,6955568.80787
412155.63558,6955606.72876
410866.97390,6958288.30660
411017.88741,6961753.68251
410691.86268,6962053.22466
410108.99718,6962333.52588
409484.71093,6962341.43481
408087.47187,6961775.88807
406604.91260,6960913.98588
405629.89585,6960669.54641
405185.11610,6960867.92825
404777.71347,6961355.54328
404759.29701,6961397.77491
404804.68970,6961820.14817
404895.51329,6962005.55147
407227.75762,6964028.75864
407583.06285,6964691.47825
407668.79005,6965311.82158
407500.15573,6965620.80379
405511.75596,6967241.10574
403661.63875,6967713.95697
401985.28741,6967757.31288
400905.23034,6968077.53687
400414.11012,6968502.18201
400367.12084,6968613.69302
400853.60513,6969447.75510
401599.39401,6969826.64344
401932.23528,6969932.41801
405640.12586,6969457.50785
406089.91173,6969743.77646
405967.18168,6970957.31012
404876.56902,6971670.89645
402528.40855,6971668.83100
401384.91280,6971303.66210
400756.53621,6971630.28960
399465.09490,6972643.52193
399069.37907,6973042.70924
398879.84106,6973804.88348
400224.19565,6975116.44745
400163.52124,6976108.50561
399271.28988,6976396.83340
397056.91190,6974897.64333
396515.35148,6974836.82994
396256.73940,6974911.86894
393855.71190,6975608.41417
392263.61221,6974791.36742
391399.65961,6974485.28905
390503.94324,6975236.53443
390393.82885,6975328.95586
390278.88226,6975658.75393
390452.94699,6977187.14337
390557.22984,6978102.29492
390382.56386,6978766.44459
389035.54675,6979447.39086
388358.62933,6979371.96306
387237.11508,6979021.63875
385794.16146,6978570.93559
385090.59893,6978239.56033
384563.96732,6978472.19952
385232.17375,6981891.25523
385160.47858,6982173.92789
384725.68986,6982652.02526
384544.03581,6982678.36758
383817.98754,6982783.77743
382799.93063,6981629.55667
381956.01140,6980116.19601
381174.67642,6977897.14777
380561.65041,6976811.65432
380035.00460,6976328.95326
379326.05339,6976345.71132
378891.94672,6976511.49383
378570.66891,6976634.23995
377274.94357,6978906.70873
376548.51653,6979242.37289
376303.95414,6979252.66916
373899.13468,6979354.09054
373777.33922,6979456.71523
373564.01196,6980011.54306
373576.74657,6980126.71241
374793.15311,6981587.84065
377113.26825,6982415.77689
377762.02455,6982953.19262
377761.89234,6983537.60784
377651.96625,6983596.34871
375874.21505,6984410.07761
375153.78046,6984246.74532
373573.43167,6983888.52308
371927.98764,6984338.32824
371141.34785,6984079.00894
370928.10680,6982937.19238
371044.85635,6981907.05037
371817.13165,6980033.28974
372142.24071,6978984.36981
372019.56366,6978109.03557
371788.98947,6977816.36707
371565.07365,6977770.09341
371018.03130,6977657.07866
370744.87483,6977717.09928
369856.54569,6978683.53062
368437.68823,6979358.35862
366742.93808,6980881.30616
366665.64393,6980888.96753
366286.86656,6980698.71203
364922.16072,6979164.74677
363907.03833,6979102.98469
363044.54850,6981242.33383
363282.89492,6984011.92585
363204.09450,6984178.78890
362679.64322,6984549.93945
362148.71319,6984810.75456
361770.48042,6984551.24573
361427.41312,6984144.38848
362055.59503,6981205.49365
361866.18179,6980368.70675
361054.50967,6980500.88153
360006.08420,6981107.52840
359531.69646,6981442.76369
357380.62964,6983916.33940
357228.23394,6985132.60355
357584.98152,6986059.01618
358301.06293,6987958.17851
358291.69597,6987985.74022
357948.54664,6988465.84915
357867.53690,6988579.19728
357255.47229,6988656.80796
356815.81229,6988619.97954
353595.74070,6986620.61676
353367.81356,6986257.20518
353276.07698,6985524.18792
353735.33471,6983672.84232
353668.24617,6983426.44091
353647.24740,6983387.96638
353529.73096,6983342.93347
353276.10688,6983245.96500
351531.84529,6983316.39852
347919.96879,6983819.31652
347028.15486,6985969.44512
347001.22527,6985982.50154
346717.88595,6986120.49145
346583.18131,6986165.57812
345474.06010,6985202.23348
344464.78443,6984984.86138
342642.80795,6985107.47282
342554.26438,6985028.66027
341832.51233,6984386.75938
340261.07533,6983308.00796
339078.96470,6983127.44167
338515.75217,6983156.55221
337110.20759,6983678.61454
335797.47052,6986003.83849
335699.90354,6986085.19148
335668.94727,6986087.55136
335526.06608,6986098.24550
334945.24712,6986051.49476
334039.08483,6985123.38599
333794.59347,6982698.25933
332863.30911,6981047.17328
332732.04216,6980998.11902
332560.55387,6981029.31991
331915.39377,6981146.83614
331822.00470,6981178.37995
331042.89643,6982171.30390
331025.96808,6982434.13162
330715.69924,6985028.09738
330185.35324,6986154.43067
329839.55235,6986280.63308
329530.31894,6986274.22960
328554.51544,6985776.02057
327434.46043,6983914.54085
326593.65535,6983760.45981
326290.49539,6983846.89551
325468.56307,6985173.69375
325395.83278,6985358.16332
325869.15921,6987723.78566
325760.69633,6988443.64182
325379.87007,6988832.76112
324956.78434,6989035.74965
324296.84361,6989352.25404
323031.74760,6989575.30635
322547.57437,6989660.71059
321649.45095,6989760.22585
320690.51903,6989866.49468
319928.68394,6989909.15221
318393.31081,6989012.87679
317886.98911,6989069.76312
317346.76416,6989331.54865
317084.00779,6989722.81656
317309.24495,6992486.60909
316659.60022,6993479.41270
315469.64099,6993416.33751
315441.00273,6993401.75185
313120.42482,6991727.08655
312782.69708,6991410.43400
311437.24751,6990148.91145
309742.68786,6989746.68222
309272.75792,6989675.12998
308106.34563,6990098.08821
307993.52652,6993101.80095
306615.15631,6994097.36104
306574.95945,6994100.49159
305950.46926,6993928.64540
305766.88579,6993791.12335
305246.58387,6992039.87491
304964.40866,6988132.21857
304881.08881,6988010.10475
304150.30752,6987510.29203
302906.96593,6987864.40178
302016.89373,6988884.83329
301892.95744,6989059.90759
301620.69276,6990922.25835
302046.24098,6991913.19186
303460.70782,6993755.95723
303515.59615,6994283.41644
303324.99918,6995142.56070
303209.22711,6995391.26480
302401.60294,6996668.45591
301439.95239,6997192.33937
299188.28134,6994522.33781
297979.00985,6994785.40650
297534.21874,6995736.13955
297540.49738,6997734.37008
297576.45262,6997879.65261
299266.11002,7000221.34309
299867.56384,7001843.01271
299875.43672,7001903.60312
299461.51382,7002681.14165
298817.32648,7003006.86455
298458.16534,7002977.91685
296751.94774,7002673.25113
295895.56054,7002323.53830
294304.60757,7000558.16957
294169.73560,7000341.17071
294105.08018,7000237.08831
294037.79719,6999975.29981
293892.60067,6999113.99124
293949.01683,6998959.47857
294779.50710,6996682.70115
294772.10081,6995728.84648
294694.00252,6994429.89659
294664.27418,6994405.66859
294594.60206,6994348.79256
290670.56653,6992942.83246
288980.36026,6991988.58736
288672.40733,6992006.13683
288315.61488,6992312.38531
287818.26336,6992874.60666
286944.46725,6995962.42554
286090.64552,6996331.87189
285670.86775,6996185.17442
285346.73285,6995891.73842
285015.94410,6995592.11213
284633.73599,6994973.34529
284306.18981,6991848.34054
283192.28891,6990447.65205
282412.13745,6990417.28661
278985.34982,6992551.87337
277780.46296,6992647.11527
277736.86587,6992621.05619
276827.85506,6991845.97663
272941.55858,6989710.32823
271222.32258,6987371.59412
270496.84802,6987445.55017
270192.12043,6987949.37625
270145.20591,6988120.36221
270152.78070,6988234.59017
270188.87840,6988782.90988
270307.96992,6989805.86527
271941.75800,6993300.21711
272417.29054,6994769.64915
272744.03525,6995985.04081
272732.74335,6996230.77008
272582.93330,6996588.14578
272391.63930,6997044.18925
272095.37916,6997451.10570
271250.15803,6998128.86223
270960.14751,6998298.92500
268999.05835,6998236.78055
268826.47947,6998219.44470
267769.25092,6998196.29721
267256.35578,6998368.95678
266820.85978,6999070.90190
265671.00689,7000924.12090
264765.47446,7001260.02450
264203.29554,7001006.66043
263718.58221,7000635.53458
262713.64029,6999091.12674
262049.59863,6997048.47398
261033.61694,6995661.76582
256428.87903,6993884.72039
255316.59018,6994733.45431
254353.51962,6995980.50234
254095.61484,6996141.52351
252739.34919,6996350.55296
252295.08694,6996236.27184
251574.90792,6995746.69253
251476.72061,6994751.71854
251639.59561,6993882.77418
251871.21664,6993184.67627
252954.62451,6991691.36818
253333.70669,6990903.36299
253245.32801,6989474.46001
253207.36681,6988861.59011
253151.47528,6988710.25208
251898.81963,6988498.24123
251462.72188,6988483.10844
251419.45156,6988497.36310
251301.11336,6988536.47572
249707.76661,6989292.88778
247489.02287,6991469.13374
247468.53647,6991489.13638
246978.17874,6991615.50225
245959.18139,6991736.81143
243382.42878,6990143.41593
242456.17507,6989917.51430
241236.89845,6990252.05591
240532.50815,6989924.98677
239023.05916,6986547.46490
238288.30675,6986327.71052
237711.53990,6986617.12241
237481.46623,6987297.90672
237695.23177,6989403.73273
237524.58165,6990361.25499
237352.56303,6991180.73039
236841.83371,6991730.39980
235756.50824,6992777.01664
234835.94790,6992868.20421
233611.72990,6992398.58217
232785.54273,6992008.33188
231827.79404,6991384.84602
230801.84738,6990484.24198
230729.48970,6990438.16418
230499.10811,6990291.35332
228865.04346,6989366.94074
227814.65573,6989385.41550
227673.03462,6989414.83759
226059.97595,6993453.21548
225164.70790,6994094.84049
224565.62732,6993884.87533
222266.62435,6991696.41806
221490.48912,6991247.78180
220841.20168,6991048.78094
220179.79648,6991242.94242
219734.39916,6991373.68154
219198.87710,6991606.39831
